class_name,candidate_name,is_valid,uses_old_codespace_only,avg_codeword_entanglement,overlap_with_old_codespace,best_depth,mean_depth,std_depth,best_size,mean_size,best_two_qubit_gate_count,mean_two_qubit_gate_count,num_qubits,best_count_ops,n_transpile_runs,successful_trials,failed_trials,status,error_message
local_ry_only,ry_0.000_0.628,True,False,0.0,0.968169,76,82.5,4.15,182,181.4,44,42.5,128,"{'rz': 55, 'sx': 48, 'rx': 35, 'cz': 27, 'rzz': 17, 'barrier': 6}",20,20,0,ok,
local_ry_only,ry_0.000_1.257,True,False,0.0,0.884836,76,82.5,4.15,182,181.4,44,42.5,128,"{'rz': 55, 'sx': 48, 'rx': 35, 'cz': 27, 'rzz': 17, 'barrier': 6}",20,20,0,ok,
local_ry_only,ry_0.000_1.885,True,False,0.0,0.781831,76,82.5,4.15,182,181.4,44,42.5,128,"{'rz': 55, 'sx': 48, 'rx': 35, 'cz': 27, 'rzz': 17, 'barrier': 6}",20,20,0,ok,
local_ry_only,ry_0.000_2.513,True,False,0.0,0.698497,76,82.5,4.15,182,181.4,44,42.5,128,"{'rz': 55, 'sx': 48, 'rx': 35, 'cz': 27, 'rzz': 17, 'barrier': 6}",20,20,0,ok,
local_ry_only,ry_0.000_3.142,True,False,0.0,0.666667,76,82.0,3.96,180,179.5,44,42.5,128,"{'rz': 53, 'sx': 48, 'rx': 35, 'cz': 27, 'rzz': 17, 'barrier': 6}",20,20,0,ok,
local_ry_only,ry_0.000_3.770,True,False,0.0,0.698497,87,96.1,3.67,206,205.2,50,48.5,128,"{'rz': 64, 'sx': 48, 'rx': 44, 'cz': 27, 'rzz': 23, 'barrier': 6}",20,20,0,ok,
local_ry_only,ry_0.000_4.398,True,False,0.0,0.781831,87,96.35,3.75,207,206.5,50,48.5,128,"{'rz': 64, 'sx': 48, 'rx': 45, 'cz': 27, 'rzz': 23, 'barrier': 6}",20,20,0,ok,
local_ry_only,ry_0.000_5.027,True,False,0.0,0.884836,87,96.5,3.81,208,208.15,50,48.5,128,"{'rz': 64, 'sx': 48, 'rx': 46, 'cz': 27, 'rzz': 23, 'barrier': 6}",20,20,0,ok,
local_ry_only,ry_0.000_5.655,True,False,0.0,0.968169,87,95.85,3.73,206,204.65,50,48.5,128,"{'rz': 64, 'sx': 48, 'rx': 44, 'cz': 27, 'rzz': 23, 'barrier': 6}",20,20,0,ok,
local_ry_only,ry_0.628_0.000,True,False,0.0,0.968169,74,82.65,4.83,187,182.5,44,42.5,128,"{'rz': 60, 'sx': 42, 'rx': 41, 'cz': 24, 'rzz': 20, 'barrier': 6}",20,20,0,ok,
local_ry_only,ry_0.628_0.628,True,False,0.0,0.939379,78,83.85,4.77,192,187.45,44,42.5,128,"{'rz': 64, 'rx': 42, 'sx': 42, 'cz': 24, 'rzz': 20, 'barrier': 6}",20,20,0,ok,
local_ry_only,ry_0.628_1.257,True,False,0.0,0.864003,78,83.85,4.77,192,187.45,44,42.5,128,"{'rz': 64, 'rx': 42, 'sx': 42, 'cz': 24, 'rzz': 20, 'barrier': 6}",20,20,0,ok,
local_ry_only,ry_0.628_1.885,True,False,0.0,0.770833,78,83.85,4.77,192,187.45,44,42.5,128,"{'rz': 64, 'rx': 42, 'sx': 42, 'cz': 24, 'rzz': 20, 'barrier': 6}",20,20,0,ok,
local_ry_only,ry_0.628_2.513,True,False,0.0,0.695458,78,83.85,4.77,192,187.45,44,42.5,128,"{'rz': 64, 'rx': 42, 'sx': 42, 'cz': 24, 'rzz': 20, 'barrier': 6}",20,20,0,ok,
local_ry_only,ry_0.628_3.142,True,False,0.0,0.666667,86,95.95,3.94,207,207.6,50,48.5,128,"{'rz': 64, 'sx': 48, 'rx': 45, 'cz': 27, 'rzz': 23, 'barrier': 6}",20,20,0,ok,
local_ry_only,ry_0.628_3.770,True,False,0.0,0.695458,92,101.5,4.32,221,219.1,53,51.5,128,"{'rz': 70, 'rx': 50, 'sx': 48, 'cz': 27, 'rzz': 26, 'barrier': 6}",20,20,0,ok,
local_ry_only,ry_0.628_4.398,True,False,0.0,0.770833,91,100.7,4.14,221,219.05,53,51.5,128,"{'rz': 70, 'rx': 50, 'sx': 48, 'cz': 27, 'rzz': 26, 'barrier': 6}",20,20,0,ok,
local_ry_only,ry_0.628_5.027,True,False,0.0,0.864003,90,100.1,4.25,221,219.0,53,51.5,128,"{'rz': 67, 'rx': 53, 'sx': 48, 'cz': 27, 'rzz': 26, 'barrier': 6}",20,20,0,ok,
local_ry_only,ry_0.628_5.655,True,False,0.0,0.939379,91,101.25,4.33,224,221.3,53,51.5,128,"{'rz': 73, 'rx': 50, 'sx': 48, 'cz': 27, 'rzz': 26, 'barrier': 6}",20,20,0,ok,
local_ry_only,ry_1.257_0.000,True,False,0.0,0.884836,74,82.65,4.83,187,182.5,44,42.5,128,"{'rz': 60, 'sx': 42, 'rx': 41, 'cz': 24, 'rzz': 20, 'barrier': 6}",20,20,0,ok,
local_ry_only,ry_1.257_0.628,True,False,0.0,0.864003,78,83.85,4.77,192,187.45,44,42.5,128,"{'rz': 64, 'rx': 42, 'sx': 42, 'cz': 24, 'rzz': 20, 'barrier': 6}",20,20,0,ok,
local_ry_only,ry_1.257_1.257,True,False,0.0,0.80946,78,83.85,4.77,192,187.45,44,42.5,128,"{'rz': 64, 'rx': 42, 'sx': 42, 'cz': 24, 'rzz': 20, 'barrier': 6}",20,20,0,ok,
local_ry_only,ry_1.257_1.885,True,False,0.0,0.742042,78,83.85,4.77,192,187.45,44,42.5,128,"{'rz': 64, 'rx': 42, 'sx': 42, 'cz': 24, 'rzz': 20, 'barrier': 6}",20,20,0,ok,
local_ry_only,ry_1.257_2.513,True,False,0.0,0.6875,91,100.25,4.44,221,219.15,53,51.5,128,"{'rz': 69, 'rx': 51, 'sx': 48, 'cz': 27, 'rzz': 26, 'barrier': 6}",20,20,0,ok,
local_ry_only,ry_1.257_3.142,True,False,0.0,0.666667,86,95.65,3.75,205,205.4,50,48.5,128,"{'rz': 64, 'sx': 48, 'rx': 43, 'cz': 27, 'rzz': 23, 'barrier': 6}",20,20,0,ok,
local_ry_only,ry_1.257_3.770,True,False,0.0,0.6875,78,83.85,4.77,192,187.45,44,42.5,128,"{'rz': 64, 'rx': 42, 'sx': 42, 'cz': 24, 'rzz': 20, 'barrier': 6}",20,20,0,ok,
local_ry_only,ry_1.257_4.398,True,False,0.0,0.742042,92,101.6,4.24,221,218.85,53,51.5,128,"{'rz': 70, 'rx': 50, 'sx': 48, 'cz': 27, 'rzz': 26, 'barrier': 6}",20,20,0,ok,
local_ry_only,ry_1.257_5.027,True,False,0.0,0.80946,90,99.8,4.25,218,216.7,53,51.5,128,"{'rz': 69, 'rx': 48, 'sx': 48, 'cz': 27, 'rzz': 26, 'barrier': 6}",20,20,0,ok,
local_ry_only,ry_1.257_5.655,True,False,0.0,0.864003,91,100.5,4.24,224,220.35,53,51.5,128,"{'rz': 73, 'rx': 50, 'sx': 48, 'cz': 27, 'rzz': 26, 'barrier': 6}",20,20,0,ok,
local_ry_only,ry_1.885_0.000,True,False,0.0,0.781831,74,82.65,4.83,187,182.5,44,42.5,128,"{'rz': 60, 'sx': 42, 'rx': 41, 'cz': 24, 'rzz': 20, 'barrier': 6}",20,20,0,ok,
local_ry_only,ry_1.885_0.628,True,False,0.0,0.770833,78,83.85,4.77,192,187.45,44,42.5,128,"{'rz': 64, 'rx': 42, 'sx': 42, 'cz': 24, 'rzz': 20, 'barrier': 6}",20,20,0,ok,
local_ry_only,ry_1.885_1.257,True,False,0.0,0.742042,78,83.85,4.77,192,187.45,44,42.5,128,"{'rz': 64, 'rx': 42, 'sx': 42, 'cz': 24, 'rzz': 20, 'barrier': 6}",20,20,0,ok,
local_ry_only,ry_1.885_1.885,True,False,0.0,0.706455,78,83.85,4.77,192,187.45,44,42.5,128,"{'rz': 64, 'rx': 42, 'sx': 42, 'cz': 24, 'rzz': 20, 'barrier': 6}",20,20,0,ok,
local_ry_only,ry_1.885_2.513,True,False,0.0,0.677664,78,83.85,4.77,192,187.45,44,42.5,128,"{'rz': 64, 'rx': 42, 'sx': 42, 'cz': 24, 'rzz': 20, 'barrier': 6}",20,20,0,ok,
local_ry_only,ry_1.885_3.142,True,False,0.0,0.666667,86,95.7,3.81,206,206.3,50,48.5,128,"{'rz': 64, 'sx': 48, 'rx': 44, 'cz': 27, 'rzz': 23, 'barrier': 6}",20,20,0,ok,
local_ry_only,ry_1.885_3.770,True,False,0.0,0.677664,78,83.85,4.77,192,187.45,44,42.5,128,"{'rz': 64, 'rx': 42, 'sx': 42, 'cz': 24, 'rzz': 20, 'barrier': 6}",20,20,0,ok,
local_ry_only,ry_1.885_4.398,True,False,0.0,0.706455,78,83.85,4.77,192,187.45,44,42.5,128,"{'rz': 64, 'rx': 42, 'sx': 42, 'cz': 24, 'rzz': 20, 'barrier': 6}",20,20,0,ok,
local_ry_only,ry_1.885_5.027,True,False,0.0,0.742042,90,100.1,4.23,221,218.7,53,51.5,128,"{'rz': 70, 'rx': 50, 'sx': 48, 'cz': 27, 'rzz': 26, 'barrier': 6}",20,20,0,ok,
local_ry_only,ry_1.885_5.655,True,False,0.0,0.770833,90,100.15,4.09,221,219.05,53,51.5,128,"{'rz': 70, 'rx': 50, 'sx': 48, 'cz': 27, 'rzz': 26, 'barrier': 6}",20,20,0,ok,
local_ry_only,ry_2.513_0.000,True,False,0.0,0.698497,74,82.65,4.83,187,182.5,44,42.5,128,"{'rz': 60, 'sx': 42, 'rx': 41, 'cz': 24, 'rzz': 20, 'barrier': 6}",20,20,0,ok,
local_ry_only,ry_2.513_0.628,True,False,0.0,0.695458,91,101.2,4.45,220,219.0,53,51.5,128,"{'rz': 69, 'rx': 50, 'sx': 48, 'cz': 27, 'rzz': 26, 'barrier': 6}",20,20,0,ok,
local_ry_only,ry_2.513_1.257,True,False,0.0,0.6875,78,83.85,4.77,192,187.45,44,42.5,128,"{'rz': 64, 'rx': 42, 'sx': 42, 'cz': 24, 'rzz': 20, 'barrier': 6}",20,20,0,ok,
local_ry_only,ry_2.513_1.885,True,False,0.0,0.677664,91,100.45,4.2,223,221.5,53,51.5,128,"{'rz': 70, 'rx': 52, 'sx': 48, 'cz': 27, 'rzz': 26, 'barrier': 6}",20,20,0,ok,
local_ry_only,ry_2.513_2.513,True,False,0.0,0.669706,91,100.85,4.19,221,219.25,53,51.5,128,"{'rz': 70, 'rx': 50, 'sx': 48, 'cz': 27, 'rzz': 26, 'barrier': 6}",20,20,0,ok,
local_ry_only,ry_2.513_3.142,True,False,0.0,0.666667,86,96.15,4.19,206,206.95,50,48.5,128,"{'rz': 64, 'sx': 48, 'rx': 44, 'cz': 27, 'rzz': 23, 'barrier': 6}",20,20,0,ok,
local_ry_only,ry_2.513_3.770,True,False,0.0,0.669706,78,83.85,4.77,192,187.45,44,42.5,128,"{'rz': 64, 'rx': 42, 'sx': 42, 'cz': 24, 'rzz': 20, 'barrier': 6}",20,20,0,ok,
local_ry_only,ry_2.513_4.398,True,False,0.0,0.677664,78,83.85,4.77,192,187.45,44,42.5,128,"{'rz': 64, 'rx': 42, 'sx': 42, 'cz': 24, 'rzz': 20, 'barrier': 6}",20,20,0,ok,
local_ry_only,ry_2.513_5.027,True,False,0.0,0.6875,78,83.85,4.77,192,187.45,44,42.5,128,"{'rz': 64, 'rx': 42, 'sx': 42, 'cz': 24, 'rzz': 20, 'barrier': 6}",20,20,0,ok,
local_ry_only,ry_2.513_5.655,True,False,0.0,0.695458,78,83.85,4.77,192,187.45,44,42.5,128,"{'rz': 64, 'rx': 42, 'sx': 42, 'cz': 24, 'rzz': 20, 'barrier': 6}",20,20,0,ok,
local_ry_only,ry_3.142_0.000,True,False,0.0,0.666667,74,82.05,4.43,184,180.05,44,42.5,128,"{'rz': 57, 'sx': 42, 'rx': 41, 'cz': 24, 'rzz': 20, 'barrier': 6}",20,20,0,ok,
local_ry_only,ry_3.142_0.628,True,False,0.0,0.666667,78,83.35,4.33,186,185.0,44,42.5,128,"{'rz': 57, 'sx': 48, 'rx': 37, 'cz': 27, 'rzz': 17, 'barrier': 6}",20,20,0,ok,
local_ry_only,ry_3.142_1.257,True,False,0.0,0.666667,78,83.35,4.33,186,185.0,44,42.5,128,"{'rz': 57, 'sx': 48, 'rx': 37, 'cz': 27, 'rzz': 17, 'barrier': 6}",20,20,0,ok,
local_ry_only,ry_3.142_1.885,True,False,0.0,0.666667,86,96.05,3.94,204,203.85,50,48.5,128,"{'rz': 64, 'sx': 48, 'rx': 42, 'cz': 27, 'rzz': 23, 'barrier': 6}",20,20,0,ok,
local_ry_only,ry_3.142_2.513,True,False,0.0,0.666667,86,95.75,3.74,207,205.8,50,48.5,128,"{'rz': 64, 'sx': 48, 'rx': 45, 'cz': 27, 'rzz': 23, 'barrier': 6}",20,20,0,ok,
local_ry_only,ry_3.142_3.142,True,False,0.0,0.666667,83,90.0,3.16,194,193.65,47,45.5,128,"{'rz': 61, 'sx': 48, 'rx': 38, 'cz': 27, 'rzz': 20, 'barrier': 6}",20,20,0,ok,
local_ry_only,ry_3.142_3.770,True,False,0.0,0.666667,78,83.35,4.33,186,185.0,44,42.5,128,"{'rz': 57, 'sx': 48, 'rx': 37, 'cz': 27, 'rzz': 17, 'barrier': 6}",20,20,0,ok,
local_ry_only,ry_3.142_4.398,True,False,0.0,0.666667,78,83.35,4.33,186,185.0,44,42.5,128,"{'rz': 57, 'sx': 48, 'rx': 37, 'cz': 27, 'rzz': 17, 'barrier': 6}",20,20,0,ok,
local_ry_only,ry_3.142_5.027,True,False,0.0,0.666667,86,95.4,3.8,207,205.45,50,48.5,128,"{'rz': 64, 'sx': 48, 'rx': 45, 'cz': 27, 'rzz': 23, 'barrier': 6}",20,20,0,ok,
local_ry_only,ry_3.142_5.655,True,False,0.0,0.666667,86,96.1,3.92,206,205.65,50,48.5,128,"{'rz': 64, 'sx': 48, 'rx': 44, 'cz': 27, 'rzz': 23, 'barrier': 6}",20,20,0,ok,
local_ry_only,ry_3.770_0.000,True,False,0.0,0.698497,87,96.05,3.89,204,204.9,50,48.5,128,"{'rz': 64, 'sx': 48, 'rx': 42, 'cz': 27, 'rzz': 23, 'barrier': 6}",20,20,0,ok,
local_ry_only,ry_3.770_0.628,True,False,0.0,0.695458,78,83.85,4.77,192,187.45,44,42.5,128,"{'rz': 64, 'rx': 42, 'sx': 42, 'cz': 24, 'rzz': 20, 'barrier': 6}",20,20,0,ok,
local_ry_only,ry_3.770_1.257,True,False,0.0,0.6875,92,101.4,4.09,222,220.3,53,51.5,128,"{'rz': 70, 'rx': 51, 'sx': 48, 'cz': 27, 'rzz': 26, 'barrier': 6}",20,20,0,ok,
local_ry_only,ry_3.770_1.885,True,False,0.0,0.677664,78,83.85,4.77,192,187.45,44,42.5,128,"{'rz': 64, 'rx': 42, 'sx': 42, 'cz': 24, 'rzz': 20, 'barrier': 6}",20,20,0,ok,
local_ry_only,ry_3.770_2.513,True,False,0.0,0.669706,78,83.85,4.77,192,187.45,44,42.5,128,"{'rz': 64, 'rx': 42, 'sx': 42, 'cz': 24, 'rzz': 20, 'barrier': 6}",20,20,0,ok,
local_ry_only,ry_3.770_3.142,True,False,0.0,0.666667,77,83.4,4.57,191,185.55,44,42.5,128,"{'rz': 63, 'rx': 42, 'sx': 42, 'cz': 24, 'rzz': 20, 'barrier': 6}",20,20,0,ok,
local_ry_only,ry_3.770_3.770,True,False,-0.0,0.669706,91,101.35,4.4,221,218.9,53,51.5,128,"{'rz': 70, 'rx': 50, 'sx': 48, 'cz': 27, 'rzz': 26, 'barrier': 6}",20,20,0,ok,
local_ry_only,ry_3.770_4.398,True,False,0.0,0.677664,78,83.85,4.77,192,187.45,44,42.5,128,"{'rz': 64, 'rx': 42, 'sx': 42, 'cz': 24, 'rzz': 20, 'barrier': 6}",20,20,0,ok,
local_ry_only,ry_3.770_5.027,True,False,0.0,0.6875,78,83.85,4.77,192,187.45,44,42.5,128,"{'rz': 64, 'rx': 42, 'sx': 42, 'cz': 24, 'rzz': 20, 'barrier': 6}",20,20,0,ok,
local_ry_only,ry_3.770_5.655,True,False,0.0,0.695458,78,83.85,4.77,192,187.45,44,42.5,128,"{'rz': 64, 'rx': 42, 'sx': 42, 'cz': 24, 'rzz': 20, 'barrier': 6}",20,20,0,ok,
local_ry_only,ry_4.398_0.000,True,False,0.0,0.781831,86,96.1,4.01,206,206.5,50,48.5,128,"{'rz': 64, 'sx': 48, 'rx': 44, 'cz': 27, 'rzz': 23, 'barrier': 6}",20,20,0,ok,
local_ry_only,ry_4.398_0.628,True,False,0.0,0.770833,92,101.25,4.12,222,220.55,53,51.5,128,"{'rz': 70, 'rx': 51, 'sx': 48, 'cz': 27, 'rzz': 26, 'barrier': 6}",20,20,0,ok,
local_ry_only,ry_4.398_1.257,True,False,0.0,0.742042,91,101.25,4.39,221,219.0,53,51.5,128,"{'rz': 70, 'rx': 50, 'sx': 48, 'cz': 27, 'rzz': 26, 'barrier': 6}",20,20,0,ok,
local_ry_only,ry_4.398_1.885,True,False,0.0,0.706455,91,100.9,4.29,222,220.15,53,51.5,128,"{'rz': 69, 'rx': 52, 'sx': 48, 'cz': 27, 'rzz': 26, 'barrier': 6}",20,20,0,ok,
local_ry_only,ry_4.398_2.513,True,False,0.0,0.677664,78,83.85,4.77,192,187.45,44,42.5,128,"{'rz': 64, 'rx': 42, 'sx': 42, 'cz': 24, 'rzz': 20, 'barrier': 6}",20,20,0,ok,
local_ry_only,ry_4.398_3.142,True,False,0.0,0.666667,77,83.4,4.57,191,185.55,44,42.5,128,"{'rz': 63, 'rx': 42, 'sx': 42, 'cz': 24, 'rzz': 20, 'barrier': 6}",20,20,0,ok,
local_ry_only,ry_4.398_3.770,True,False,0.0,0.677664,92,101.45,4.14,226,223.55,53,51.5,128,"{'rz': 70, 'rx': 55, 'sx': 48, 'cz': 27, 'rzz': 26, 'barrier': 6}",20,20,0,ok,
local_ry_only,ry_4.398_4.398,True,False,0.0,0.706455,78,83.85,4.77,192,187.45,44,42.5,128,"{'rz': 64, 'rx': 42, 'sx': 42, 'cz': 24, 'rzz': 20, 'barrier': 6}",20,20,0,ok,
local_ry_only,ry_4.398_5.027,True,False,0.0,0.742042,91,100.6,4.27,220,218.3,53,51.5,128,"{'rz': 69, 'rx': 50, 'sx': 48, 'cz': 27, 'rzz': 26, 'barrier': 6}",20,20,0,ok,
local_ry_only,ry_4.398_5.655,True,False,0.0,0.770833,78,83.85,4.77,192,187.45,44,42.5,128,"{'rz': 64, 'rx': 42, 'sx': 42, 'cz': 24, 'rzz': 20, 'barrier': 6}",20,20,0,ok,
local_ry_only,ry_5.027_0.000,True,False,0.0,0.884836,87,96.05,4.02,207,207.5,50,48.5,128,"{'rz': 64, 'sx': 48, 'rx': 45, 'cz': 27, 'rzz': 23, 'barrier': 6}",20,20,0,ok,
local_ry_only,ry_5.027_0.628,True,False,0.0,0.864003,90,99.95,4.32,217,216.9,53,51.5,128,"{'rz': 67, 'rx': 49, 'sx': 48, 'cz': 27, 'rzz': 26, 'barrier': 6}",20,20,0,ok,
local_ry_only,ry_5.027_1.257,True,False,0.0,0.80946,91,100.9,4.37,220,219.75,53,51.5,128,"{'rz': 69, 'rx': 50, 'sx': 48, 'cz': 27, 'rzz': 26, 'barrier': 6}",20,20,0,ok,
local_ry_only,ry_5.027_1.885,True,False,0.0,0.742042,91,101.2,4.32,223,220.6,53,51.5,128,"{'rz': 70, 'rx': 52, 'sx': 48, 'cz': 27, 'rzz': 26, 'barrier': 6}",20,20,0,ok,
local_ry_only,ry_5.027_2.513,True,False,0.0,0.6875,91,100.85,4.11,224,222.65,53,51.5,128,"{'rz': 70, 'rx': 53, 'sx': 48, 'cz': 27, 'rzz': 26, 'barrier': 6}",20,20,0,ok,
local_ry_only,ry_5.027_3.142,True,False,0.0,0.666667,77,83.4,4.57,191,185.55,44,42.5,128,"{'rz': 63, 'rx': 42, 'sx': 42, 'cz': 24, 'rzz': 20, 'barrier': 6}",20,20,0,ok,
local_ry_only,ry_5.027_3.770,True,False,0.0,0.6875,91,100.6,4.22,221,220.1,53,51.5,128,"{'rz': 67, 'rx': 53, 'sx': 48, 'cz': 27, 'rzz': 26, 'barrier': 6}",20,20,0,ok,
local_ry_only,ry_5.027_4.398,True,False,0.0,0.742042,78,83.85,4.77,192,187.45,44,42.5,128,"{'rz': 64, 'rx': 42, 'sx': 42, 'cz': 24, 'rzz': 20, 'barrier': 6}",20,20,0,ok,
local_ry_only,ry_5.027_5.027,True,False,0.0,0.80946,78,83.85,4.77,192,187.45,44,42.5,128,"{'rz': 64, 'rx': 42, 'sx': 42, 'cz': 24, 'rzz': 20, 'barrier': 6}",20,20,0,ok,
local_ry_only,ry_5.027_5.655,True,False,0.0,0.864003,78,83.85,4.77,192,187.45,44,42.5,128,"{'rz': 64, 'rx': 42, 'sx': 42, 'cz': 24, 'rzz': 20, 'barrier': 6}",20,20,0,ok,
local_ry_only,ry_5.655_0.000,True,False,0.0,0.968169,87,96.05,4.02,207,207.35,50,48.5,128,"{'rz': 64, 'sx': 48, 'rx': 45, 'cz': 27, 'rzz': 23, 'barrier': 6}",20,20,0,ok,
local_ry_only,ry_5.655_0.628,True,False,0.0,0.939379,91,101.0,4.28,224,220.55,53,51.5,128,"{'rz': 73, 'rx': 50, 'sx': 48, 'cz': 27, 'rzz': 26, 'barrier': 6}",20,20,0,ok,
local_ry_only,ry_5.655_1.257,True,False,0.0,0.864003,91,101.4,4.29,227,223.3,53,51.5,128,"{'rz': 73, 'rx': 53, 'sx': 48, 'cz': 27, 'rzz': 26, 'barrier': 6}",20,20,0,ok,
local_ry_only,ry_5.655_1.885,True,False,0.0,0.770833,92,101.4,4.09,224,222.8,53,51.5,128,"{'rz': 70, 'rx': 53, 'sx': 48, 'cz': 27, 'rzz': 26, 'barrier': 6}",20,20,0,ok,
local_ry_only,ry_5.655_2.513,True,False,0.0,0.695458,91,101.25,4.28,221,218.9,53,51.5,128,"{'rz': 70, 'rx': 50, 'sx': 48, 'cz': 27, 'rzz': 26, 'barrier': 6}",20,20,0,ok,
local_ry_only,ry_5.655_3.142,True,False,0.0,0.666667,77,83.4,4.57,191,185.55,44,42.5,128,"{'rz': 63, 'rx': 42, 'sx': 42, 'cz': 24, 'rzz': 20, 'barrier': 6}",20,20,0,ok,
local_ry_only,ry_5.655_3.770,True,False,0.0,0.695458,78,83.85,4.77,192,187.45,44,42.5,128,"{'rz': 64, 'rx': 42, 'sx': 42, 'cz': 24, 'rzz': 20, 'barrier': 6}",20,20,0,ok,
local_ry_only,ry_5.655_4.398,True,False,0.0,0.770833,78,83.85,4.77,192,187.45,44,42.5,128,"{'rz': 64, 'rx': 42, 'sx': 42, 'cz': 24, 'rzz': 20, 'barrier': 6}",20,20,0,ok,
local_ry_only,ry_5.655_5.027,True,False,0.0,0.864003,78,83.85,4.77,192,187.45,44,42.5,128,"{'rz': 64, 'rx': 42, 'sx': 42, 'cz': 24, 'rzz': 20, 'barrier': 6}",20,20,0,ok,
local_ry_only,ry_5.655_5.655,True,False,0.0,0.939379,78,83.85,4.77,192,187.45,44,42.5,128,"{'rz': 64, 'rx': 42, 'sx': 42, 'cz': 24, 'rzz': 20, 'barrier': 6}",20,20,0,ok,
local_general_su2,lsu2_000,True,False,0.0,0.699172,91,101.65,4.38,225,224.05,53,51.5,128,"{'rz': 73, 'rx': 51, 'sx': 48, 'cz': 27, 'rzz': 26, 'barrier': 6}",20,20,0,ok,
local_general_su2,lsu2_001,True,False,0.0,0.714378,92,102.65,4.38,229,227.85,53,51.5,128,"{'rz': 73, 'rx': 55, 'sx': 48, 'cz': 27, 'rzz': 26, 'barrier': 6}",20,20,0,ok,
local_general_su2,lsu2_002,True,False,0.0,0.723618,92,102.65,4.38,227,225.8,53,51.5,128,"{'rz': 73, 'rx': 53, 'sx': 48, 'cz': 27, 'rzz': 26, 'barrier': 6}",20,20,0,ok,
local_general_su2,lsu2_003,True,False,0.0,0.735211,91,102.3,4.45,227,225.6,53,51.5,128,"{'rz': 73, 'rx': 53, 'sx': 48, 'cz': 27, 'rzz': 26, 'barrier': 6}",20,20,0,ok,
local_general_su2,lsu2_004,True,False,-0.0,0.717798,92,102.65,4.38,227,226.1,53,51.5,128,"{'rz': 73, 'rx': 53, 'sx': 48, 'cz': 27, 'rzz': 26, 'barrier': 6}",20,20,0,ok,
local_general_su2,lsu2_005,True,False,0.0,0.770052,92,102.65,4.38,227,225.9,53,51.5,128,"{'rz': 73, 'rx': 53, 'sx': 48, 'cz': 27, 'rzz': 26, 'barrier': 6}",20,20,0,ok,
local_general_su2,lsu2_006,True,False,0.0,0.676273,92,102.65,4.38,227,226.1,53,51.5,128,"{'rz': 73, 'rx': 53, 'sx': 48, 'cz': 27, 'rzz': 26, 'barrier': 6}",20,20,0,ok,
local_general_su2,lsu2_007,True,False,0.0,0.765757,91,101.65,4.38,225,224.25,53,51.5,128,"{'rz': 73, 'rx': 51, 'sx': 48, 'cz': 27, 'rzz': 26, 'barrier': 6}",20,20,0,ok,
local_general_su2,lsu2_008,True,False,0.0,0.720616,91,101.65,4.38,225,224.0,53,51.5,128,"{'rz': 73, 'rx': 51, 'sx': 48, 'cz': 27, 'rzz': 26, 'barrier': 6}",20,20,0,ok,
local_general_su2,lsu2_009,True,False,0.0,0.678315,92,102.65,4.38,227,226.2,53,51.5,128,"{'rz': 73, 'rx': 53, 'sx': 48, 'cz': 27, 'rzz': 26, 'barrier': 6}",20,20,0,ok,
local_general_su2,lsu2_010,True,False,0.0,0.874867,92,102.65,4.38,229,227.95,53,51.5,128,"{'rz': 73, 'rx': 55, 'sx': 48, 'cz': 27, 'rzz': 26, 'barrier': 6}",20,20,0,ok,
local_general_su2,lsu2_011,True,False,-0.0,0.675836,92,102.65,4.38,229,227.7,53,51.5,128,"{'rz': 73, 'rx': 55, 'sx': 48, 'cz': 27, 'rzz': 26, 'barrier': 6}",20,20,0,ok,
local_general_su2,lsu2_012,True,False,-0.0,0.724234,92,102.65,4.38,227,225.75,53,51.5,128,"{'rz': 73, 'rx': 53, 'sx': 48, 'cz': 27, 'rzz': 26, 'barrier': 6}",20,20,0,ok,
local_general_su2,lsu2_013,True,False,-0.0,0.721844,92,102.65,4.38,227,225.8,53,51.5,128,"{'rz': 73, 'rx': 53, 'sx': 48, 'cz': 27, 'rzz': 26, 'barrier': 6}",20,20,0,ok,
local_general_su2,lsu2_014,True,False,-0.0,0.93082,91,101.65,4.38,225,223.95,53,51.5,128,"{'rz': 73, 'rx': 51, 'sx': 48, 'cz': 27, 'rzz': 26, 'barrier': 6}",20,20,0,ok,
local_general_su2,lsu2_015,True,False,0.0,0.68493,92,102.65,4.38,229,227.95,53,51.5,128,"{'rz': 73, 'rx': 55, 'sx': 48, 'cz': 27, 'rzz': 26, 'barrier': 6}",20,20,0,ok,
local_general_su2,lsu2_016,True,False,-0.0,0.714849,91,102.3,4.45,227,225.95,53,51.5,128,"{'rz': 73, 'rx': 53, 'sx': 48, 'cz': 27, 'rzz': 26, 'barrier': 6}",20,20,0,ok,
local_general_su2,lsu2_017,True,False,0.0,0.706888,92,102.65,4.38,227,226.2,53,51.5,128,"{'rz': 73, 'rx': 53, 'sx': 48, 'cz': 27, 'rzz': 26, 'barrier': 6}",20,20,0,ok,
local_general_su2,lsu2_018,True,False,0.0,0.880638,91,102.3,4.36,227,225.95,53,51.5,128,"{'rz': 73, 'rx': 53, 'sx': 48, 'cz': 27, 'rzz': 26, 'barrier': 6}",20,20,0,ok,
local_general_su2,lsu2_019,True,False,-0.0,0.676288,92,102.65,4.38,229,227.9,53,51.5,128,"{'rz': 73, 'rx': 55, 'sx': 48, 'cz': 27, 'rzz': 26, 'barrier': 6}",20,20,0,ok,
local_general_su2,lsu2_020,True,False,0.0,0.694343,92,102.65,4.38,227,225.95,53,51.5,128,"{'rz': 73, 'rx': 53, 'sx': 48, 'cz': 27, 'rzz': 26, 'barrier': 6}",20,20,0,ok,
local_general_su2,lsu2_021,True,False,0.0,0.77833,92,102.65,4.38,227,226.0,53,51.5,128,"{'rz': 73, 'rx': 53, 'sx': 48, 'cz': 27, 'rzz': 26, 'barrier': 6}",20,20,0,ok,
local_general_su2,lsu2_022,True,False,0.0,0.730163,92,102.65,4.38,227,225.85,53,51.5,128,"{'rz': 73, 'rx': 53, 'sx': 48, 'cz': 27, 'rzz': 26, 'barrier': 6}",20,20,0,ok,
local_general_su2,lsu2_023,True,False,0.0,0.761285,92,102.65,4.38,227,225.85,53,51.5,128,"{'rz': 73, 'rx': 53, 'sx': 48, 'cz': 27, 'rzz': 26, 'barrier': 6}",20,20,0,ok,
local_general_su2,lsu2_024,True,False,0.0,0.72851,92,102.65,4.38,229,228.05,53,51.5,128,"{'rz': 73, 'rx': 55, 'sx': 48, 'cz': 27, 'rzz': 26, 'barrier': 6}",20,20,0,ok,
local_general_su2,lsu2_025,True,False,-0.0,0.767097,92,102.65,4.38,227,226.1,53,51.5,128,"{'rz': 73, 'rx': 53, 'sx': 48, 'cz': 27, 'rzz': 26, 'barrier': 6}",20,20,0,ok,
local_general_su2,lsu2_026,True,False,0.0,0.771098,92,102.65,4.38,227,225.75,53,51.5,128,"{'rz': 73, 'rx': 53, 'sx': 48, 'cz': 27, 'rzz': 26, 'barrier': 6}",20,20,0,ok,
local_general_su2,lsu2_027,True,False,-0.0,0.91443,92,102.65,4.38,229,227.9,53,51.5,128,"{'rz': 73, 'rx': 55, 'sx': 48, 'cz': 27, 'rzz': 26, 'barrier': 6}",20,20,0,ok,
local_general_su2,lsu2_028,True,False,0.0,0.676531,92,102.65,4.38,227,226.2,53,51.5,128,"{'rz': 73, 'rx': 53, 'sx': 48, 'cz': 27, 'rzz': 26, 'barrier': 6}",20,20,0,ok,
local_general_su2,lsu2_029,True,False,0.0,0.730081,92,102.65,4.38,227,225.8,53,51.5,128,"{'rz': 73, 'rx': 53, 'sx': 48, 'cz': 27, 'rzz': 26, 'barrier': 6}",20,20,0,ok,
real_orthogonal,real_000,True,False,0.189737,0.79443,96,107.8,4.73,240,238.9,56,54.5,128,"{'rz': 76, 'rx': 60, 'sx': 48, 'rzz': 29, 'cz': 27, 'barrier': 6}",20,20,0,ok,
real_orthogonal,real_001,True,False,0.462004,0.840147,97,108.0,4.62,241,239.4,56,54.5,128,"{'rz': 76, 'rx': 61, 'sx': 48, 'rzz': 29, 'cz': 27, 'barrier': 6}",20,20,0,ok,
real_orthogonal,real_002,True,False,0.564207,0.69696,96,107.85,4.77,240,239.45,56,54.5,128,"{'rz': 76, 'rx': 60, 'sx': 48, 'rzz': 29, 'cz': 27, 'barrier': 6}",20,20,0,ok,
real_orthogonal,real_003,True,False,0.493349,0.830381,96,108.05,4.78,240,239.35,56,54.5,128,"{'rz': 76, 'rx': 60, 'sx': 48, 'rzz': 29, 'cz': 27, 'barrier': 6}",20,20,0,ok,
real_orthogonal,real_004,True,False,0.524632,0.746529,104,116.45,4.9,261,261.0,59,57.5,128,"{'rz': 87, 'rx': 67, 'sx': 48, 'rzz': 32, 'cz': 27, 'barrier': 6}",20,20,0,ok,
real_orthogonal,real_005,True,False,0.039396,0.756829,103,115.95,5.1,260,258.9,59,57.5,128,"{'rz': 87, 'rx': 66, 'sx': 48, 'rzz': 32, 'cz': 27, 'barrier': 6}",20,20,0,ok,
real_orthogonal,real_006,True,False,0.186237,0.827412,97,108.05,4.6,241,239.55,56,54.5,128,"{'rz': 76, 'rx': 61, 'sx': 48, 'rzz': 29, 'cz': 27, 'barrier': 6}",20,20,0,ok,
real_orthogonal,real_007,True,False,0.747507,0.731953,104,116.25,4.88,261,259.3,59,57.5,128,"{'rz': 87, 'rx': 67, 'sx': 48, 'rzz': 32, 'cz': 27, 'barrier': 6}",20,20,0,ok,
real_orthogonal,real_008,True,False,0.745449,0.954864,96,108.15,4.79,240,239.4,56,54.5,128,"{'rz': 76, 'rx': 60, 'sx': 48, 'rzz': 29, 'cz': 27, 'barrier': 6}",20,20,0,ok,
real_orthogonal,real_009,True,False,0.26971,0.824559,96,107.8,4.73,240,239.0,56,54.5,128,"{'rz': 76, 'rx': 60, 'sx': 48, 'rzz': 29, 'cz': 27, 'barrier': 6}",20,20,0,ok,
real_orthogonal,real_010,True,False,0.31256,0.826769,103,116.45,5.13,260,260.9,59,57.5,128,"{'rz': 87, 'rx': 66, 'sx': 48, 'rzz': 32, 'cz': 27, 'barrier': 6}",20,20,0,ok,
real_orthogonal,real_011,True,False,0.682492,0.744929,103,116.25,5.06,260,259.25,59,57.5,128,"{'rz': 87, 'rx': 66, 'sx': 48, 'rzz': 32, 'cz': 27, 'barrier': 6}",20,20,0,ok,
real_orthogonal,real_012,True,False,0.429601,0.69204,97,108.5,4.8,241,239.7,56,54.5,128,"{'rz': 76, 'rx': 61, 'sx': 48, 'rzz': 29, 'cz': 27, 'barrier': 6}",20,20,0,ok,
real_orthogonal,real_013,True,False,0.529026,0.874795,97,108.4,4.59,241,239.45,56,54.5,128,"{'rz': 76, 'rx': 61, 'sx': 48, 'rzz': 29, 'cz': 27, 'barrier': 6}",20,20,0,ok,
real_orthogonal,real_014,True,False,0.537172,0.698523,103,116.15,4.94,260,260.6,59,57.5,128,"{'rz': 87, 'rx': 66, 'sx': 48, 'rzz': 32, 'cz': 27, 'barrier': 6}",20,20,0,ok,
real_orthogonal,real_015,True,False,0.285986,0.671314,97,108.15,4.55,241,239.85,56,54.5,128,"{'rz': 76, 'rx': 61, 'sx': 48, 'rzz': 29, 'cz': 27, 'barrier': 6}",20,20,0,ok,
real_orthogonal,real_016,True,False,0.569013,0.747491,103,116.35,5.04,260,260.5,59,57.5,128,"{'rz': 87, 'rx': 66, 'sx': 48, 'rzz': 32, 'cz': 27, 'barrier': 6}",20,20,0,ok,
real_orthogonal,real_017,True,False,0.226078,0.870629,103,116.05,5.01,260,258.8,59,57.5,128,"{'rz': 87, 'rx': 66, 'sx': 48, 'rzz': 32, 'cz': 27, 'barrier': 6}",20,20,0,ok,
real_orthogonal,real_018,True,False,0.37772,0.693878,97,108.2,4.63,241,239.6,56,54.5,128,"{'rz': 76, 'rx': 61, 'sx': 48, 'rzz': 29, 'cz': 27, 'barrier': 6}",20,20,0,ok,
real_orthogonal,real_019,True,False,0.202808,0.72036,96,107.65,4.87,240,239.05,56,54.5,128,"{'rz': 76, 'rx': 60, 'sx': 48, 'rzz': 29, 'cz': 27, 'barrier': 6}",20,20,0,ok,
near_identity,nearid_eps0.01_00,True,False,0.000933,0.999958,108,122.55,5.81,280,279.15,62,60.5,128,"{'rz': 97, 'rx': 73, 'sx': 48, 'rzz': 35, 'cz': 27, 'barrier': 6}",20,20,0,ok,
near_identity,nearid_eps0.01_01,True,False,0.001121,0.99997,108,122.55,5.81,280,279.15,62,60.5,128,"{'rz': 97, 'rx': 73, 'sx': 48, 'rzz': 35, 'cz': 27, 'barrier': 6}",20,20,0,ok,
near_identity,nearid_eps0.01_02,True,False,0.000629,0.999958,108,122.55,5.81,280,279.15,62,60.5,128,"{'rz': 97, 'rx': 73, 'sx': 48, 'rzz': 35, 'cz': 27, 'barrier': 6}",20,20,0,ok,
near_identity,nearid_eps0.01_03,True,False,0.001792,0.99995,108,122.55,5.81,280,279.15,62,60.5,128,"{'rz': 97, 'rx': 73, 'sx': 48, 'rzz': 35, 'cz': 27, 'barrier': 6}",20,20,0,ok,
near_identity,nearid_eps0.01_04,True,False,0.000781,0.999951,108,122.55,5.81,280,279.15,62,60.5,128,"{'rz': 97, 'rx': 73, 'sx': 48, 'rzz': 35, 'cz': 27, 'barrier': 6}",20,20,0,ok,
near_identity,nearid_eps0.01_05,True,False,0.000351,0.99998,108,122.55,5.81,280,279.15,62,60.5,128,"{'rz': 97, 'rx': 73, 'sx': 48, 'rzz': 35, 'cz': 27, 'barrier': 6}",20,20,0,ok,
near_identity,nearid_eps0.01_06,True,False,0.001092,0.999941,108,122.55,5.81,280,279.15,62,60.5,128,"{'rz': 97, 'rx': 73, 'sx': 48, 'rzz': 35, 'cz': 27, 'barrier': 6}",20,20,0,ok,
near_identity,nearid_eps0.01_07,True,False,0.000592,0.999984,108,122.55,5.81,280,279.15,62,60.5,128,"{'rz': 97, 'rx': 73, 'sx': 48, 'rzz': 35, 'cz': 27, 'barrier': 6}",20,20,0,ok,
near_identity,nearid_eps0.01_08,True,False,0.000427,0.999962,108,122.55,5.81,280,279.15,62,60.5,128,"{'rz': 97, 'rx': 73, 'sx': 48, 'rzz': 35, 'cz': 27, 'barrier': 6}",20,20,0,ok,
near_identity,nearid_eps0.01_09,True,False,0.001446,0.99985,108,122.55,5.81,280,279.15,62,60.5,128,"{'rz': 97, 'rx': 73, 'sx': 48, 'rzz': 35, 'cz': 27, 'barrier': 6}",20,20,0,ok,
near_identity,nearid_eps0.03_00,True,False,0.00684,0.999235,108,122.55,5.81,280,279.15,62,60.5,128,"{'rz': 97, 'rx': 73, 'sx': 48, 'rzz': 35, 'cz': 27, 'barrier': 6}",20,20,0,ok,
near_identity,nearid_eps0.03_01,True,False,0.00671,0.999838,108,122.55,5.81,280,279.15,62,60.5,128,"{'rz': 97, 'rx': 73, 'sx': 48, 'rzz': 35, 'cz': 27, 'barrier': 6}",20,20,0,ok,
near_identity,nearid_eps0.03_02,True,False,0.000956,0.999398,108,122.55,5.81,280,279.15,62,60.5,128,"{'rz': 97, 'rx': 73, 'sx': 48, 'rzz': 35, 'cz': 27, 'barrier': 6}",20,20,0,ok,
near_identity,nearid_eps0.03_03,True,False,0.015074,0.999548,108,122.55,5.81,280,279.15,62,60.5,128,"{'rz': 97, 'rx': 73, 'sx': 48, 'rzz': 35, 'cz': 27, 'barrier': 6}",20,20,0,ok,
near_identity,nearid_eps0.03_04,True,False,0.004196,0.999716,108,122.55,5.81,280,279.15,62,60.5,128,"{'rz': 97, 'rx': 73, 'sx': 48, 'rzz': 35, 'cz': 27, 'barrier': 6}",20,20,0,ok,
near_identity,nearid_eps0.03_05,True,False,0.01462,0.999697,108,122.55,5.81,280,279.15,62,60.5,128,"{'rz': 97, 'rx': 73, 'sx': 48, 'rzz': 35, 'cz': 27, 'barrier': 6}",20,20,0,ok,
near_identity,nearid_eps0.03_06,True,False,0.0013,0.999731,108,122.55,5.81,280,279.15,62,60.5,128,"{'rz': 97, 'rx': 73, 'sx': 48, 'rzz': 35, 'cz': 27, 'barrier': 6}",20,20,0,ok,
near_identity,nearid_eps0.03_07,True,False,0.012697,0.999242,108,122.55,5.81,280,279.15,62,60.5,128,"{'rz': 97, 'rx': 73, 'sx': 48, 'rzz': 35, 'cz': 27, 'barrier': 6}",20,20,0,ok,
near_identity,nearid_eps0.03_08,True,False,0.00345,0.999893,108,122.55,5.81,280,279.15,62,60.5,128,"{'rz': 97, 'rx': 73, 'sx': 48, 'rzz': 35, 'cz': 27, 'barrier': 6}",20,20,0,ok,
near_identity,nearid_eps0.03_09,True,False,0.000612,0.999735,108,122.55,5.81,280,279.15,62,60.5,128,"{'rz': 97, 'rx': 73, 'sx': 48, 'rzz': 35, 'cz': 27, 'barrier': 6}",20,20,0,ok,
near_identity,nearid_eps0.05_00,True,False,0.009609,0.998987,108,122.55,5.81,280,279.15,62,60.5,128,"{'rz': 97, 'rx': 73, 'sx': 48, 'rzz': 35, 'cz': 27, 'barrier': 6}",20,20,0,ok,
near_identity,nearid_eps0.05_01,True,False,0.017242,0.997715,108,122.55,5.81,280,279.15,62,60.5,128,"{'rz': 97, 'rx': 73, 'sx': 48, 'rzz': 35, 'cz': 27, 'barrier': 6}",20,20,0,ok,
near_identity,nearid_eps0.05_02,True,False,0.007574,0.999367,108,122.55,5.81,280,279.15,62,60.5,128,"{'rz': 97, 'rx': 73, 'sx': 48, 'rzz': 35, 'cz': 27, 'barrier': 6}",20,20,0,ok,
near_identity,nearid_eps0.05_03,True,False,0.022933,0.998464,108,122.55,5.81,280,279.15,62,60.5,128,"{'rz': 97, 'rx': 73, 'sx': 48, 'rzz': 35, 'cz': 27, 'barrier': 6}",20,20,0,ok,
near_identity,nearid_eps0.05_04,True,False,0.017889,0.998706,108,122.55,5.81,280,279.15,62,60.5,128,"{'rz': 97, 'rx': 73, 'sx': 48, 'rzz': 35, 'cz': 27, 'barrier': 6}",20,20,0,ok,
near_identity,nearid_eps0.05_05,True,False,0.015426,0.998686,108,122.55,5.81,280,279.15,62,60.5,128,"{'rz': 97, 'rx': 73, 'sx': 48, 'rzz': 35, 'cz': 27, 'barrier': 6}",20,20,0,ok,
near_identity,nearid_eps0.05_06,True,False,0.005278,0.997154,108,122.55,5.81,280,279.15,62,60.5,128,"{'rz': 97, 'rx': 73, 'sx': 48, 'rzz': 35, 'cz': 27, 'barrier': 6}",20,20,0,ok,
near_identity,nearid_eps0.05_07,True,False,0.004566,0.99938,108,122.55,5.81,280,279.15,62,60.5,128,"{'rz': 97, 'rx': 73, 'sx': 48, 'rzz': 35, 'cz': 27, 'barrier': 6}",20,20,0,ok,
near_identity,nearid_eps0.05_08,True,False,0.009863,0.998958,108,122.55,5.81,280,279.15,62,60.5,128,"{'rz': 97, 'rx': 73, 'sx': 48, 'rzz': 35, 'cz': 27, 'barrier': 6}",20,20,0,ok,
near_identity,nearid_eps0.05_09,True,False,0.014972,0.997969,108,122.55,5.81,280,279.15,62,60.5,128,"{'rz': 97, 'rx': 73, 'sx': 48, 'rzz': 35, 'cz': 27, 'barrier': 6}",20,20,0,ok,
near_identity,nearid_eps0.10_00,True,False,0.051308,0.987931,108,122.55,5.81,280,279.15,62,60.5,128,"{'rz': 97, 'rx': 73, 'sx': 48, 'rzz': 35, 'cz': 27, 'barrier': 6}",20,20,0,ok,
near_identity,nearid_eps0.10_01,True,False,0.019872,0.993471,108,122.55,5.81,280,279.15,62,60.5,128,"{'rz': 97, 'rx': 73, 'sx': 48, 'rzz': 35, 'cz': 27, 'barrier': 6}",20,20,0,ok,
near_identity,nearid_eps0.10_02,True,False,0.053854,0.990733,108,122.55,5.81,280,279.15,62,60.5,128,"{'rz': 97, 'rx': 73, 'sx': 48, 'rzz': 35, 'cz': 27, 'barrier': 6}",20,20,0,ok,
near_identity,nearid_eps0.10_03,True,False,0.122788,0.992463,108,122.55,5.81,280,279.15,62,60.5,128,"{'rz': 97, 'rx': 73, 'sx': 48, 'rzz': 35, 'cz': 27, 'barrier': 6}",20,20,0,ok,
near_identity,nearid_eps0.10_04,True,False,0.086973,0.995076,108,122.55,5.81,280,279.15,62,60.5,128,"{'rz': 97, 'rx': 73, 'sx': 48, 'rzz': 35, 'cz': 27, 'barrier': 6}",20,20,0,ok,
near_identity,nearid_eps0.10_05,True,False,0.036615,0.995231,108,122.55,5.81,280,279.15,62,60.5,128,"{'rz': 97, 'rx': 73, 'sx': 48, 'rzz': 35, 'cz': 27, 'barrier': 6}",20,20,0,ok,
near_identity,nearid_eps0.10_06,True,False,0.042877,0.996647,108,122.55,5.81,280,279.15,62,60.5,128,"{'rz': 97, 'rx': 73, 'sx': 48, 'rzz': 35, 'cz': 27, 'barrier': 6}",20,20,0,ok,
near_identity,nearid_eps0.10_07,True,False,0.08387,0.998069,108,122.55,5.81,280,279.15,62,60.5,128,"{'rz': 97, 'rx': 73, 'sx': 48, 'rzz': 35, 'cz': 27, 'barrier': 6}",20,20,0,ok,
near_identity,nearid_eps0.10_08,True,False,0.007159,0.996657,108,122.55,5.81,280,279.15,62,60.5,128,"{'rz': 97, 'rx': 73, 'sx': 48, 'rzz': 35, 'cz': 27, 'barrier': 6}",20,20,0,ok,
near_identity,nearid_eps0.10_09,True,False,0.064483,0.995477,108,122.55,5.81,280,279.15,62,60.5,128,"{'rz': 97, 'rx': 73, 'sx': 48, 'rzz': 35, 'cz': 27, 'barrier': 6}",20,20,0,ok,
finer_structured,fine_t0.00_p1.20_a0.50,True,False,0.0,0.879828,94,105.2,4.61,233,231.0,53,51.5,128,"{'rz': 79, 'rx': 53, 'sx': 48, 'cz': 27, 'rzz': 26, 'barrier': 6}",20,20,0,ok,
finer_structured,fine_t0.00_p1.20_a0.65,True,False,0.0,0.870576,94,105.2,4.61,235,232.85,53,51.5,128,"{'rz': 79, 'rx': 55, 'sx': 48, 'cz': 27, 'rzz': 26, 'barrier': 6}",20,20,0,ok,
finer_structured,fine_t0.00_p1.20_a0.80,True,False,-0.0,0.859293,94,105.2,4.61,234,232.0,53,51.5,128,"{'rz': 79, 'rx': 54, 'sx': 48, 'cz': 27, 'rzz': 26, 'barrier': 6}",20,20,0,ok,
finer_structured,fine_t0.00_p1.20_a0.95,True,False,0.0,0.846235,94,105.2,4.61,235,232.95,53,51.5,128,"{'rz': 79, 'rx': 55, 'sx': 48, 'cz': 27, 'rzz': 26, 'barrier': 6}",20,20,0,ok,
finer_structured,fine_t0.00_p1.20_a1.10,True,False,0.0,0.831693,94,105.2,4.61,234,231.9,53,51.5,128,"{'rz': 79, 'rx': 54, 'sx': 48, 'cz': 27, 'rzz': 26, 'barrier': 6}",20,20,0,ok,
finer_structured,fine_t0.00_p1.32_a0.50,True,False,0.0,0.861204,94,105.2,4.61,235,232.95,53,51.5,128,"{'rz': 79, 'rx': 55, 'sx': 48, 'cz': 27, 'rzz': 26, 'barrier': 6}",20,20,0,ok,
finer_structured,fine_t0.00_p1.32_a0.65,True,False,0.0,0.85276,94,105.2,4.61,234,231.95,53,51.5,128,"{'rz': 79, 'rx': 54, 'sx': 48, 'cz': 27, 'rzz': 26, 'barrier': 6}",20,20,0,ok,
finer_structured,fine_t0.00_p1.32_a0.80,True,False,0.0,0.842464,94,105.2,4.61,234,231.85,53,51.5,128,"{'rz': 79, 'rx': 54, 'sx': 48, 'cz': 27, 'rzz': 26, 'barrier': 6}",20,20,0,ok,
finer_structured,fine_t0.00_p1.32_a0.95,True,False,0.0,0.830546,94,105.2,4.61,234,231.8,53,51.5,128,"{'rz': 79, 'rx': 54, 'sx': 48, 'cz': 27, 'rzz': 26, 'barrier': 6}",20,20,0,ok,
finer_structured,fine_t0.00_p1.32_a1.10,True,False,0.0,0.817275,94,105.0,4.53,234,231.75,53,51.5,128,"{'rz': 79, 'rx': 54, 'sx': 48, 'cz': 27, 'rzz': 26, 'barrier': 6}",20,20,0,ok,
finer_structured,fine_t0.00_p1.45_a0.50,True,False,0.0,0.841986,94,105.2,4.61,233,230.8,53,51.5,128,"{'rz': 79, 'rx': 53, 'sx': 48, 'cz': 27, 'rzz': 26, 'barrier': 6}",20,20,0,ok,
finer_structured,fine_t0.00_p1.45_a0.65,True,False,-0.0,0.834376,94,105.2,4.61,233,231.0,53,51.5,128,"{'rz': 79, 'rx': 53, 'sx': 48, 'cz': 27, 'rzz': 26, 'barrier': 6}",20,20,0,ok,
finer_structured,fine_t0.00_p1.45_a0.80,True,False,-0.0,0.825097,94,105.2,4.61,235,232.75,53,51.5,128,"{'rz': 79, 'rx': 55, 'sx': 48, 'cz': 27, 'rzz': 26, 'barrier': 6}",20,20,0,ok,
finer_structured,fine_t0.00_p1.45_a0.95,True,False,0.0,0.814357,94,105.2,4.61,235,232.65,53,51.5,128,"{'rz': 79, 'rx': 55, 'sx': 48, 'cz': 27, 'rzz': 26, 'barrier': 6}",20,20,0,ok,
finer_structured,fine_t0.00_p1.45_a1.10,True,False,0.0,0.802397,94,105.2,4.61,234,231.9,53,51.5,128,"{'rz': 79, 'rx': 54, 'sx': 48, 'cz': 27, 'rzz': 26, 'barrier': 6}",20,20,0,ok,
finer_structured,fine_t0.00_p1.57_a0.50,True,False,0.0,0.822474,94,105.2,4.61,233,230.7,53,51.5,128,"{'rz': 79, 'rx': 53, 'sx': 48, 'cz': 27, 'rzz': 26, 'barrier': 6}",20,20,0,ok,
finer_structured,fine_t0.00_p1.57_a0.65,True,False,0.0,0.815711,94,105.2,4.61,234,232.0,53,51.5,128,"{'rz': 79, 'rx': 54, 'sx': 48, 'cz': 27, 'rzz': 26, 'barrier': 6}",20,20,0,ok,
finer_structured,fine_t0.00_p1.57_a0.80,True,False,0.0,0.807465,94,105.2,4.61,234,231.75,53,51.5,128,"{'rz': 79, 'rx': 54, 'sx': 48, 'cz': 27, 'rzz': 26, 'barrier': 6}",20,20,0,ok,
finer_structured,fine_t0.00_p1.57_a0.95,True,False,0.0,0.79792,94,105.2,4.61,234,231.85,53,51.5,128,"{'rz': 79, 'rx': 54, 'sx': 48, 'cz': 27, 'rzz': 26, 'barrier': 6}",20,20,0,ok,
finer_structured,fine_t0.00_p1.57_a1.10,True,False,0.0,0.78729,94,105.2,4.61,235,232.75,53,51.5,128,"{'rz': 79, 'rx': 55, 'sx': 48, 'cz': 27, 'rzz': 26, 'barrier': 6}",20,20,0,ok,
finer_structured,fine_t0.00_p1.70_a0.50,True,False,0.0,0.802972,94,105.2,4.61,234,231.95,53,51.5,128,"{'rz': 79, 'rx': 54, 'sx': 48, 'cz': 27, 'rzz': 26, 'barrier': 6}",20,20,0,ok,
finer_structured,fine_t0.00_p1.70_a0.65,True,False,-0.0,0.797056,94,105.2,4.61,234,231.8,53,51.5,128,"{'rz': 79, 'rx': 54, 'sx': 48, 'cz': 27, 'rzz': 26, 'barrier': 6}",20,20,0,ok,
finer_structured,fine_t0.00_p1.70_a0.80,True,False,0.0,0.789841,94,105.2,4.61,235,232.65,53,51.5,128,"{'rz': 79, 'rx': 55, 'sx': 48, 'cz': 27, 'rzz': 26, 'barrier': 6}",20,20,0,ok,
finer_structured,fine_t0.00_p1.70_a0.95,True,False,0.0,0.781491,94,105.2,4.61,233,231.0,53,51.5,128,"{'rz': 79, 'rx': 53, 'sx': 48, 'cz': 27, 'rzz': 26, 'barrier': 6}",20,20,0,ok,
finer_structured,fine_t0.00_p1.70_a1.10,True,False,0.0,0.772192,94,105.2,4.61,233,231.0,53,51.5,128,"{'rz': 79, 'rx': 53, 'sx': 48, 'cz': 27, 'rzz': 26, 'barrier': 6}",20,20,0,ok,
finer_structured,fine_t0.17_p1.20_a0.50,True,False,-0.0,0.878448,94,105.2,4.61,234,231.85,53,51.5,128,"{'rz': 79, 'rx': 54, 'sx': 48, 'cz': 27, 'rzz': 26, 'barrier': 6}",20,20,0,ok,
finer_structured,fine_t0.17_p1.20_a0.65,True,False,0.0,0.869323,94,105.2,4.61,233,230.8,53,51.5,128,"{'rz': 79, 'rx': 53, 'sx': 48, 'cz': 27, 'rzz': 26, 'barrier': 6}",20,20,0,ok,
finer_structured,fine_t0.17_p1.20_a0.80,True,False,-0.0,0.858197,94,105.2,4.61,233,231.0,53,51.5,128,"{'rz': 79, 'rx': 53, 'sx': 48, 'cz': 27, 'rzz': 26, 'barrier': 6}",20,20,0,ok,
finer_structured,fine_t0.17_p1.20_a0.95,True,False,-0.0,0.84532,94,105.2,4.61,233,230.8,53,51.5,128,"{'rz': 79, 'rx': 53, 'sx': 48, 'cz': 27, 'rzz': 26, 'barrier': 6}",20,20,0,ok,
finer_structured,fine_t0.17_p1.20_a1.10,True,False,0.0,0.83098,94,105.2,4.61,234,231.65,53,51.5,128,"{'rz': 79, 'rx': 54, 'sx': 48, 'cz': 27, 'rzz': 26, 'barrier': 6}",20,20,0,ok,
finer_structured,fine_t0.17_p1.32_a0.50,True,False,0.0,0.859944,94,105.2,4.61,234,231.85,53,51.5,128,"{'rz': 79, 'rx': 54, 'sx': 48, 'cz': 27, 'rzz': 26, 'barrier': 6}",20,20,0,ok,
finer_structured,fine_t0.17_p1.32_a0.65,True,False,0.0,0.851617,94,105.2,4.61,235,232.95,53,51.5,128,"{'rz': 79, 'rx': 55, 'sx': 48, 'cz': 27, 'rzz': 26, 'barrier': 6}",20,20,0,ok,
finer_structured,fine_t0.17_p1.32_a0.80,True,False,-0.0,0.841463,94,105.2,4.61,235,232.95,53,51.5,128,"{'rz': 79, 'rx': 55, 'sx': 48, 'cz': 27, 'rzz': 26, 'barrier': 6}",20,20,0,ok,
finer_structured,fine_t0.17_p1.32_a0.95,True,False,0.0,0.829711,94,105.2,4.61,235,232.95,53,51.5,128,"{'rz': 79, 'rx': 55, 'sx': 48, 'cz': 27, 'rzz': 26, 'barrier': 6}",20,20,0,ok,
finer_structured,fine_t0.17_p1.32_a1.10,True,False,0.0,0.816624,94,105.2,4.61,234,232.0,53,51.5,128,"{'rz': 79, 'rx': 54, 'sx': 48, 'cz': 27, 'rzz': 26, 'barrier': 6}",20,20,0,ok,
finer_structured,fine_t0.17_p1.45_a0.50,True,False,0.0,0.840851,94,105.2,4.61,234,231.65,53,51.5,128,"{'rz': 79, 'rx': 54, 'sx': 48, 'cz': 27, 'rzz': 26, 'barrier': 6}",20,20,0,ok,
finer_structured,fine_t0.17_p1.45_a0.65,True,False,-0.0,0.833346,94,105.2,4.61,234,232.0,53,51.5,128,"{'rz': 79, 'rx': 54, 'sx': 48, 'cz': 27, 'rzz': 26, 'barrier': 6}",20,20,0,ok,
finer_structured,fine_t0.17_p1.45_a0.80,True,False,0.0,0.824196,94,105.2,4.61,234,231.7,53,51.5,128,"{'rz': 79, 'rx': 54, 'sx': 48, 'cz': 27, 'rzz': 26, 'barrier': 6}",20,20,0,ok,
finer_structured,fine_t0.17_p1.45_a0.95,True,False,0.0,0.813604,94,105.2,4.61,234,231.65,53,51.5,128,"{'rz': 79, 'rx': 54, 'sx': 48, 'cz': 27, 'rzz': 26, 'barrier': 6}",20,20,0,ok,
finer_structured,fine_t0.17_p1.45_a1.10,True,False,0.0,0.80181,94,105.2,4.61,233,230.7,53,51.5,128,"{'rz': 79, 'rx': 53, 'sx': 48, 'cz': 27, 'rzz': 26, 'barrier': 6}",20,20,0,ok,
finer_structured,fine_t0.17_p1.57_a0.50,True,False,0.0,0.821465,94,105.2,4.61,233,230.9,53,51.5,128,"{'rz': 79, 'rx': 53, 'sx': 48, 'cz': 27, 'rzz': 26, 'barrier': 6}",20,20,0,ok,
finer_structured,fine_t0.17_p1.57_a0.65,True,False,0.0,0.814796,94,105.2,4.61,235,232.65,53,51.5,128,"{'rz': 79, 'rx': 55, 'sx': 48, 'cz': 27, 'rzz': 26, 'barrier': 6}",20,20,0,ok,
finer_structured,fine_t0.17_p1.57_a0.80,True,False,0.0,0.806663,94,105.2,4.61,234,231.9,53,51.5,128,"{'rz': 79, 'rx': 54, 'sx': 48, 'cz': 27, 'rzz': 26, 'barrier': 6}",20,20,0,ok,
finer_structured,fine_t0.17_p1.57_a0.95,True,False,0.0,0.797251,94,105.2,4.61,235,232.75,53,51.5,128,"{'rz': 79, 'rx': 55, 'sx': 48, 'cz': 27, 'rzz': 26, 'barrier': 6}",20,20,0,ok,
finer_structured,fine_t0.17_p1.57_a1.10,True,False,0.0,0.786769,94,105.2,4.61,235,232.95,53,51.5,128,"{'rz': 79, 'rx': 55, 'sx': 48, 'cz': 27, 'rzz': 26, 'barrier': 6}",20,20,0,ok,
finer_structured,fine_t0.17_p1.70_a0.50,True,False,0.0,0.802089,94,105.2,4.61,234,231.65,53,51.5,128,"{'rz': 79, 'rx': 54, 'sx': 48, 'cz': 27, 'rzz': 26, 'barrier': 6}",20,20,0,ok,
finer_structured,fine_t0.17_p1.70_a0.65,True,False,-0.0,0.796255,94,105.2,4.61,235,232.95,53,51.5,128,"{'rz': 79, 'rx': 55, 'sx': 48, 'cz': 27, 'rzz': 26, 'barrier': 6}",20,20,0,ok,
finer_structured,fine_t0.17_p1.70_a0.80,True,False,-0.0,0.78914,94,105.2,4.61,235,232.95,53,51.5,128,"{'rz': 79, 'rx': 55, 'sx': 48, 'cz': 27, 'rzz': 26, 'barrier': 6}",20,20,0,ok,
finer_structured,fine_t0.17_p1.70_a0.95,True,False,0.0,0.780906,94,105.2,4.61,233,230.8,53,51.5,128,"{'rz': 79, 'rx': 53, 'sx': 48, 'cz': 27, 'rzz': 26, 'barrier': 6}",20,20,0,ok,
finer_structured,fine_t0.17_p1.70_a1.10,True,False,-0.0,0.771736,94,105.2,4.61,234,231.95,53,51.5,128,"{'rz': 79, 'rx': 54, 'sx': 48, 'cz': 27, 'rzz': 26, 'barrier': 6}",20,20,0,ok,
finer_structured,fine_t0.33_p1.20_a0.50,True,False,0.0,0.874344,94,105.2,4.61,235,232.85,53,51.5,128,"{'rz': 79, 'rx': 55, 'sx': 48, 'cz': 27, 'rzz': 26, 'barrier': 6}",20,20,0,ok,
finer_structured,fine_t0.33_p1.20_a0.65,True,False,-0.0,0.865601,94,105.2,4.61,233,230.8,53,51.5,128,"{'rz': 79, 'rx': 53, 'sx': 48, 'cz': 27, 'rzz': 26, 'barrier': 6}",20,20,0,ok,
finer_structured,fine_t0.33_p1.20_a0.80,True,False,0.0,0.85494,94,105.2,4.61,234,231.8,53,51.5,128,"{'rz': 79, 'rx': 54, 'sx': 48, 'cz': 27, 'rzz': 26, 'barrier': 6}",20,20,0,ok,
finer_structured,fine_t0.33_p1.20_a0.95,True,False,0.0,0.8426,94,105.2,4.61,234,231.75,53,51.5,128,"{'rz': 79, 'rx': 54, 'sx': 48, 'cz': 27, 'rzz': 26, 'barrier': 6}",20,20,0,ok,
finer_structured,fine_t0.33_p1.20_a1.10,True,False,0.0,0.828859,94,105.2,4.61,233,231.0,53,51.5,128,"{'rz': 79, 'rx': 53, 'sx': 48, 'cz': 27, 'rzz': 26, 'barrier': 6}",20,20,0,ok,
finer_structured,fine_t0.33_p1.32_a0.50,True,False,0.0,0.856199,94,105.2,4.61,233,230.9,53,51.5,128,"{'rz': 79, 'rx': 53, 'sx': 48, 'cz': 27, 'rzz': 26, 'barrier': 6}",20,20,0,ok,
finer_structured,fine_t0.33_p1.32_a0.65,True,False,-0.0,0.84822,94,105.2,4.61,233,231.0,53,51.5,128,"{'rz': 79, 'rx': 53, 'sx': 48, 'cz': 27, 'rzz': 26, 'barrier': 6}",20,20,0,ok,
finer_structured,fine_t0.33_p1.32_a0.80,True,False,0.0,0.83849,94,105.2,4.61,235,232.65,53,51.5,128,"{'rz': 79, 'rx': 55, 'sx': 48, 'cz': 27, 'rzz': 26, 'barrier': 6}",20,20,0,ok,
finer_structured,fine_t0.33_p1.32_a0.95,True,False,0.0,0.827229,94,105.2,4.61,234,231.7,53,51.5,128,"{'rz': 79, 'rx': 54, 'sx': 48, 'cz': 27, 'rzz': 26, 'barrier': 6}",20,20,0,ok,
finer_structured,fine_t0.33_p1.32_a1.10,True,False,0.0,0.814688,94,105.2,4.61,234,231.65,53,51.5,128,"{'rz': 79, 'rx': 54, 'sx': 48, 'cz': 27, 'rzz': 26, 'barrier': 6}",20,20,0,ok,
finer_structured,fine_t0.33_p1.45_a0.50,True,False,0.0,0.837476,94,105.2,4.61,234,231.9,53,51.5,128,"{'rz': 79, 'rx': 54, 'sx': 48, 'cz': 27, 'rzz': 26, 'barrier': 6}",20,20,0,ok,
finer_structured,fine_t0.33_p1.45_a0.65,True,False,0.0,0.830285,94,105.2,4.61,234,231.65,53,51.5,128,"{'rz': 79, 'rx': 54, 'sx': 48, 'cz': 27, 'rzz': 26, 'barrier': 6}",20,20,0,ok,
finer_structured,fine_t0.33_p1.45_a0.80,True,False,0.0,0.821516,94,105.2,4.61,233,230.9,53,51.5,128,"{'rz': 79, 'rx': 53, 'sx': 48, 'cz': 27, 'rzz': 26, 'barrier': 6}",20,20,0,ok,
finer_structured,fine_t0.33_p1.45_a0.95,True,False,0.0,0.811367,94,105.2,4.61,235,232.85,53,51.5,128,"{'rz': 79, 'rx': 55, 'sx': 48, 'cz': 27, 'rzz': 26, 'barrier': 6}",20,20,0,ok,
finer_structured,fine_t0.33_p1.45_a1.10,True,False,0.0,0.800065,94,105.2,4.61,233,230.9,53,51.5,128,"{'rz': 79, 'rx': 53, 'sx': 48, 'cz': 27, 'rzz': 26, 'barrier': 6}",20,20,0,ok,
finer_structured,fine_t0.33_p1.57_a0.50,True,False,0.0,0.818466,94,105.2,4.61,233,230.9,53,51.5,128,"{'rz': 79, 'rx': 53, 'sx': 48, 'cz': 27, 'rzz': 26, 'barrier': 6}",20,20,0,ok,
finer_structured,fine_t0.33_p1.57_a0.65,True,False,-0.0,0.812075,94,105.2,4.61,233,230.7,53,51.5,128,"{'rz': 79, 'rx': 53, 'sx': 48, 'cz': 27, 'rzz': 26, 'barrier': 6}",20,20,0,ok,
finer_structured,fine_t0.33_p1.57_a0.80,True,False,0.0,0.804282,94,105.2,4.61,233,230.9,53,51.5,128,"{'rz': 79, 'rx': 53, 'sx': 48, 'cz': 27, 'rzz': 26, 'barrier': 6}",20,20,0,ok,
finer_structured,fine_t0.33_p1.57_a0.95,True,False,0.0,0.795263,94,105.2,4.61,234,231.65,53,51.5,128,"{'rz': 79, 'rx': 54, 'sx': 48, 'cz': 27, 'rzz': 26, 'barrier': 6}",20,20,0,ok,
finer_structured,fine_t0.33_p1.57_a1.10,True,False,0.0,0.785219,94,105.2,4.61,235,232.95,53,51.5,128,"{'rz': 79, 'rx': 55, 'sx': 48, 'cz': 27, 'rzz': 26, 'barrier': 6}",20,20,0,ok,
finer_structured,fine_t0.33_p1.70_a0.50,True,False,0.0,0.799465,94,105.2,4.61,233,230.8,53,51.5,128,"{'rz': 79, 'rx': 53, 'sx': 48, 'cz': 27, 'rzz': 26, 'barrier': 6}",20,20,0,ok,
finer_structured,fine_t0.33_p1.70_a0.65,True,False,-0.0,0.793875,94,105.2,4.61,235,232.75,53,51.5,128,"{'rz': 79, 'rx': 55, 'sx': 48, 'cz': 27, 'rzz': 26, 'barrier': 6}",20,20,0,ok,
finer_structured,fine_t0.33_p1.70_a0.80,True,False,0.0,0.787057,94,105.2,4.61,235,232.85,53,51.5,128,"{'rz': 79, 'rx': 55, 'sx': 48, 'cz': 27, 'rzz': 26, 'barrier': 6}",20,20,0,ok,
finer_structured,fine_t0.33_p1.70_a0.95,True,False,0.0,0.779167,94,105.2,4.61,234,231.8,53,51.5,128,"{'rz': 79, 'rx': 54, 'sx': 48, 'cz': 27, 'rzz': 26, 'barrier': 6}",20,20,0,ok,
finer_structured,fine_t0.33_p1.70_a1.10,True,False,0.0,0.77038,94,105.2,4.61,234,232.0,53,51.5,128,"{'rz': 79, 'rx': 54, 'sx': 48, 'cz': 27, 'rzz': 26, 'barrier': 6}",20,20,0,ok,
finer_structured,fine_t0.50_p1.20_a0.50,True,False,0.0,0.867632,94,105.2,4.61,233,230.7,53,51.5,128,"{'rz': 79, 'rx': 53, 'sx': 48, 'cz': 27, 'rzz': 26, 'barrier': 6}",20,20,0,ok,
finer_structured,fine_t0.50_p1.20_a0.65,True,False,0.0,0.859512,94,105.2,4.61,234,231.7,53,51.5,128,"{'rz': 79, 'rx': 54, 'sx': 48, 'cz': 27, 'rzz': 26, 'barrier': 6}",20,20,0,ok,
finer_structured,fine_t0.50_p1.20_a0.80,True,False,0.0,0.849611,94,105.2,4.61,233,230.8,53,51.5,128,"{'rz': 79, 'rx': 53, 'sx': 48, 'cz': 27, 'rzz': 26, 'barrier': 6}",20,20,0,ok,
finer_structured,fine_t0.50_p1.20_a0.95,True,False,0.0,0.838151,94,105.2,4.61,234,231.8,53,51.5,128,"{'rz': 79, 'rx': 54, 'sx': 48, 'cz': 27, 'rzz': 26, 'barrier': 6}",20,20,0,ok,
finer_structured,fine_t0.50_p1.20_a1.10,True,False,0.0,0.825389,94,105.2,4.61,233,230.8,53,51.5,128,"{'rz': 79, 'rx': 53, 'sx': 48, 'cz': 27, 'rzz': 26, 'barrier': 6}",20,20,0,ok,
finer_structured,fine_t0.50_p1.32_a0.50,True,False,0.0,0.850073,94,105.2,4.61,235,232.95,53,51.5,128,"{'rz': 79, 'rx': 55, 'sx': 48, 'cz': 27, 'rzz': 26, 'barrier': 6}",20,20,0,ok,
finer_structured,fine_t0.50_p1.32_a0.65,True,False,0.0,0.842663,94,105.2,4.61,234,231.95,53,51.5,128,"{'rz': 79, 'rx': 54, 'sx': 48, 'cz': 27, 'rzz': 26, 'barrier': 6}",20,20,0,ok,
finer_structured,fine_t0.50_p1.32_a0.80,True,False,0.0,0.833627,94,105.2,4.61,233,230.9,53,51.5,128,"{'rz': 79, 'rx': 53, 'sx': 48, 'cz': 27, 'rzz': 26, 'barrier': 6}",20,20,0,ok,
finer_structured,fine_t0.50_p1.32_a0.95,True,False,0.0,0.823168,94,105.2,4.61,234,231.9,53,51.5,128,"{'rz': 79, 'rx': 54, 'sx': 48, 'cz': 27, 'rzz': 26, 'barrier': 6}",20,20,0,ok,
finer_structured,fine_t0.50_p1.32_a1.10,True,False,-0.0,0.811522,94,105.2,4.61,233,230.9,53,51.5,128,"{'rz': 79, 'rx': 53, 'sx': 48, 'cz': 27, 'rzz': 26, 'barrier': 6}",20,20,0,ok,
finer_structured,fine_t0.50_p1.45_a0.50,True,False,0.0,0.831955,94,105.2,4.61,234,231.7,53,51.5,128,"{'rz': 79, 'rx': 54, 'sx': 48, 'cz': 27, 'rzz': 26, 'barrier': 6}",20,20,0,ok,
finer_structured,fine_t0.50_p1.45_a0.65,True,False,0.0,0.825277,94,105.2,4.61,234,231.75,53,51.5,128,"{'rz': 79, 'rx': 54, 'sx': 48, 'cz': 27, 'rzz': 26, 'barrier': 6}",20,20,0,ok,
finer_structured,fine_t0.50_p1.45_a0.80,True,False,0.0,0.817133,94,105.2,4.61,233,230.9,53,51.5,128,"{'rz': 79, 'rx': 53, 'sx': 48, 'cz': 27, 'rzz': 26, 'barrier': 6}",20,20,0,ok,
finer_structured,fine_t0.50_p1.45_a0.95,True,False,0.0,0.807708,94,105.2,4.61,234,231.95,53,51.5,128,"{'rz': 79, 'rx': 54, 'sx': 48, 'cz': 27, 'rzz': 26, 'barrier': 6}",20,20,0,ok,
finer_structured,fine_t0.50_p1.45_a1.10,True,False,0.0,0.797212,94,105.2,4.61,235,232.85,53,51.5,128,"{'rz': 79, 'rx': 55, 'sx': 48, 'cz': 27, 'rzz': 26, 'barrier': 6}",20,20,0,ok,
finer_structured,fine_t0.50_p1.57_a0.50,True,False,0.0,0.813559,94,105.2,4.61,234,231.75,53,51.5,128,"{'rz': 79, 'rx': 54, 'sx': 48, 'cz': 27, 'rzz': 26, 'barrier': 6}",20,20,0,ok,
finer_structured,fine_t0.50_p1.57_a0.65,True,False,0.0,0.807624,94,105.2,4.61,234,231.8,53,51.5,128,"{'rz': 79, 'rx': 54, 'sx': 48, 'cz': 27, 'rzz': 26, 'barrier': 6}",20,20,0,ok,
finer_structured,fine_t0.50_p1.57_a0.80,True,False,0.0,0.800387,94,105.2,4.61,235,232.75,53,51.5,128,"{'rz': 79, 'rx': 55, 'sx': 48, 'cz': 27, 'rzz': 26, 'barrier': 6}",20,20,0,ok,
finer_structured,fine_t0.50_p1.57_a0.95,True,False,0.0,0.79201,94,105.2,4.61,234,231.95,53,51.5,128,"{'rz': 79, 'rx': 54, 'sx': 48, 'cz': 27, 'rzz': 26, 'barrier': 6}",20,20,0,ok,
finer_structured,fine_t0.50_p1.57_a1.10,True,False,0.0,0.782683,94,105.2,4.61,235,232.75,53,51.5,128,"{'rz': 79, 'rx': 55, 'sx': 48, 'cz': 27, 'rzz': 26, 'barrier': 6}",20,20,0,ok,
finer_structured,fine_t0.50_p1.70_a0.50,True,False,0.0,0.795173,94,105.2,4.61,234,231.9,53,51.5,128,"{'rz': 79, 'rx': 54, 'sx': 48, 'cz': 27, 'rzz': 26, 'barrier': 6}",20,20,0,ok,
finer_structured,fine_t0.50_p1.70_a0.65,True,False,0.0,0.789981,94,105.2,4.61,235,232.65,53,51.5,128,"{'rz': 79, 'rx': 55, 'sx': 48, 'cz': 27, 'rzz': 26, 'barrier': 6}",20,20,0,ok,
finer_structured,fine_t0.50_p1.70_a0.80,True,False,0.0,0.78365,94,105.2,4.61,234,232.0,53,51.5,128,"{'rz': 79, 'rx': 54, 'sx': 48, 'cz': 27, 'rzz': 26, 'barrier': 6}",20,20,0,ok,
finer_structured,fine_t0.50_p1.70_a0.95,True,False,0.0,0.776322,94,105.2,4.61,233,231.0,53,51.5,128,"{'rz': 79, 'rx': 53, 'sx': 48, 'cz': 27, 'rzz': 26, 'barrier': 6}",20,20,0,ok,
finer_structured,fine_t0.50_p1.70_a1.10,True,False,0.0,0.768161,94,105.2,4.61,234,231.7,53,51.5,128,"{'rz': 79, 'rx': 54, 'sx': 48, 'cz': 27, 'rzz': 26, 'barrier': 6}",20,20,0,ok,
two_cz_ansatz,2cz_000,True,False,0.998069,0.80063,101,114.8,5.57,261,258.5,59,57.5,128,"{'rz': 87, 'rx': 67, 'sx': 48, 'rzz': 32, 'cz': 27, 'barrier': 6}",20,20,0,ok,
two_cz_ansatz,2cz_001,True,False,0.956151,0.757244,101,114.8,5.57,261,258.5,59,57.5,128,"{'rz': 87, 'rx': 67, 'sx': 48, 'rzz': 32, 'cz': 27, 'barrier': 6}",20,20,0,ok,
two_cz_ansatz,2cz_002,True,False,0.363362,0.680219,101,114.8,5.57,261,258.5,59,57.5,128,"{'rz': 87, 'rx': 67, 'sx': 48, 'rzz': 32, 'cz': 27, 'barrier': 6}",20,20,0,ok,
two_cz_ansatz,2cz_003,True,False,0.342866,0.812689,101,114.8,5.57,261,258.5,59,57.5,128,"{'rz': 87, 'rx': 67, 'sx': 48, 'rzz': 32, 'cz': 27, 'barrier': 6}",20,20,0,ok,
two_cz_ansatz,2cz_004,True,False,0.501658,0.804738,101,114.8,5.57,261,258.5,59,57.5,128,"{'rz': 87, 'rx': 67, 'sx': 48, 'rzz': 32, 'cz': 27, 'barrier': 6}",20,20,0,ok,
two_cz_ansatz,2cz_005,True,False,0.9935,0.830931,101,114.8,5.57,261,258.5,59,57.5,128,"{'rz': 87, 'rx': 67, 'sx': 48, 'rzz': 32, 'cz': 27, 'barrier': 6}",20,20,0,ok,
two_cz_ansatz,2cz_006,True,False,0.690225,0.770007,101,114.8,5.57,261,258.5,59,57.5,128,"{'rz': 87, 'rx': 67, 'sx': 48, 'rzz': 32, 'cz': 27, 'barrier': 6}",20,20,0,ok,
two_cz_ansatz,2cz_007,True,False,0.504709,0.755754,101,114.8,5.57,261,258.5,59,57.5,128,"{'rz': 87, 'rx': 67, 'sx': 48, 'rzz': 32, 'cz': 27, 'barrier': 6}",20,20,0,ok,
two_cz_ansatz,2cz_008,True,False,0.533398,0.795935,101,114.8,5.57,261,258.5,59,57.5,128,"{'rz': 87, 'rx': 67, 'sx': 48, 'rzz': 32, 'cz': 27, 'barrier': 6}",20,20,0,ok,
two_cz_ansatz,2cz_009,True,False,0.723695,0.7917,101,114.8,5.57,261,258.5,59,57.5,128,"{'rz': 87, 'rx': 67, 'sx': 48, 'rzz': 32, 'cz': 27, 'barrier': 6}",20,20,0,ok,
two_cz_ansatz,2cz_010,True,False,0.029124,0.741333,101,114.8,5.57,261,258.5,59,57.5,128,"{'rz': 87, 'rx': 67, 'sx': 48, 'rzz': 32, 'cz': 27, 'barrier': 6}",20,20,0,ok,
two_cz_ansatz,2cz_011,True,False,0.178562,0.737892,101,114.8,5.57,261,258.5,59,57.5,128,"{'rz': 87, 'rx': 67, 'sx': 48, 'rzz': 32, 'cz': 27, 'barrier': 6}",20,20,0,ok,
two_cz_ansatz,2cz_012,True,False,0.690748,0.733302,101,114.8,5.57,261,258.5,59,57.5,128,"{'rz': 87, 'rx': 67, 'sx': 48, 'rzz': 32, 'cz': 27, 'barrier': 6}",20,20,0,ok,
two_cz_ansatz,2cz_013,True,False,0.98472,0.753439,101,114.8,5.57,261,258.5,59,57.5,128,"{'rz': 87, 'rx': 67, 'sx': 48, 'rzz': 32, 'cz': 27, 'barrier': 6}",20,20,0,ok,
two_cz_ansatz,2cz_014,True,False,0.017665,0.67384,101,114.8,5.57,261,258.5,59,57.5,128,"{'rz': 87, 'rx': 67, 'sx': 48, 'rzz': 32, 'cz': 27, 'barrier': 6}",20,20,0,ok,
two_cz_ansatz,2cz_015,True,False,0.082621,0.747489,101,114.8,5.57,261,258.5,59,57.5,128,"{'rz': 87, 'rx': 67, 'sx': 48, 'rzz': 32, 'cz': 27, 'barrier': 6}",20,20,0,ok,
two_cz_ansatz,2cz_016,True,False,0.193227,0.674403,101,114.8,5.57,261,258.5,59,57.5,128,"{'rz': 87, 'rx': 67, 'sx': 48, 'rzz': 32, 'cz': 27, 'barrier': 6}",20,20,0,ok,
two_cz_ansatz,2cz_017,True,False,0.52585,0.693644,101,114.8,5.57,261,258.5,59,57.5,128,"{'rz': 87, 'rx': 67, 'sx': 48, 'rzz': 32, 'cz': 27, 'barrier': 6}",20,20,0,ok,
two_cz_ansatz,2cz_018,True,False,0.031536,0.83297,101,114.8,5.57,261,258.5,59,57.5,128,"{'rz': 87, 'rx': 67, 'sx': 48, 'rzz': 32, 'cz': 27, 'barrier': 6}",20,20,0,ok,
two_cz_ansatz,2cz_019,True,False,0.371939,0.697853,101,114.8,5.57,261,258.5,59,57.5,128,"{'rz': 87, 'rx': 67, 'sx': 48, 'rzz': 32, 'cz': 27, 'barrier': 6}",20,20,0,ok,
two_cz_ansatz,2cz_020,True,False,0.612265,0.669103,101,114.8,5.57,261,258.5,59,57.5,128,"{'rz': 87, 'rx': 67, 'sx': 48, 'rzz': 32, 'cz': 27, 'barrier': 6}",20,20,0,ok,
two_cz_ansatz,2cz_021,True,False,0.074247,0.682988,101,114.8,5.57,261,258.5,59,57.5,128,"{'rz': 87, 'rx': 67, 'sx': 48, 'rzz': 32, 'cz': 27, 'barrier': 6}",20,20,0,ok,
two_cz_ansatz,2cz_022,True,False,0.910282,0.722468,101,114.8,5.57,261,258.5,59,57.5,128,"{'rz': 87, 'rx': 67, 'sx': 48, 'rzz': 32, 'cz': 27, 'barrier': 6}",20,20,0,ok,
two_cz_ansatz,2cz_023,True,False,0.464524,0.694059,101,114.8,5.57,261,258.5,59,57.5,128,"{'rz': 87, 'rx': 67, 'sx': 48, 'rzz': 32, 'cz': 27, 'barrier': 6}",20,20,0,ok,
two_cz_ansatz,2cz_024,True,False,0.271418,0.704341,101,114.8,5.57,261,258.5,59,57.5,128,"{'rz': 87, 'rx': 67, 'sx': 48, 'rzz': 32, 'cz': 27, 'barrier': 6}",20,20,0,ok,
two_cz_ansatz,2cz_025,True,False,0.000165,0.675686,101,114.8,5.57,261,258.5,59,57.5,128,"{'rz': 87, 'rx': 67, 'sx': 48, 'rzz': 32, 'cz': 27, 'barrier': 6}",20,20,0,ok,
two_cz_ansatz,2cz_026,True,False,0.382723,0.805268,101,114.8,5.57,261,258.5,59,57.5,128,"{'rz': 87, 'rx': 67, 'sx': 48, 'rzz': 32, 'cz': 27, 'barrier': 6}",20,20,0,ok,
two_cz_ansatz,2cz_027,True,False,0.347598,0.811625,101,114.8,5.57,261,258.5,59,57.5,128,"{'rz': 87, 'rx': 67, 'sx': 48, 'rzz': 32, 'cz': 27, 'barrier': 6}",20,20,0,ok,
two_cz_ansatz,2cz_028,True,False,0.049342,0.674972,101,114.8,5.57,261,258.5,59,57.5,128,"{'rz': 87, 'rx': 67, 'sx': 48, 'rzz': 32, 'cz': 27, 'barrier': 6}",20,20,0,ok,
two_cz_ansatz,2cz_029,True,False,0.166964,0.691537,101,114.8,5.57,261,258.5,59,57.5,128,"{'rz': 87, 'rx': 67, 'sx': 48, 'rzz': 32, 'cz': 27, 'barrier': 6}",20,20,0,ok,
two_cz_ansatz,2cz_030,True,False,0.343072,0.687697,101,114.8,5.57,261,258.5,59,57.5,128,"{'rz': 87, 'rx': 67, 'sx': 48, 'rzz': 32, 'cz': 27, 'barrier': 6}",20,20,0,ok,
two_cz_ansatz,2cz_031,True,False,0.526533,0.775642,101,114.8,5.57,261,258.5,59,57.5,128,"{'rz': 87, 'rx': 67, 'sx': 48, 'rzz': 32, 'cz': 27, 'barrier': 6}",20,20,0,ok,
two_cz_ansatz,2cz_032,True,False,0.990143,0.716569,101,114.8,5.57,261,258.5,59,57.5,128,"{'rz': 87, 'rx': 67, 'sx': 48, 'rzz': 32, 'cz': 27, 'barrier': 6}",20,20,0,ok,
two_cz_ansatz,2cz_033,True,False,0.74105,0.722079,101,114.8,5.57,261,258.5,59,57.5,128,"{'rz': 87, 'rx': 67, 'sx': 48, 'rzz': 32, 'cz': 27, 'barrier': 6}",20,20,0,ok,
two_cz_ansatz,2cz_034,True,False,0.884153,0.78646,101,114.8,5.57,261,258.5,59,57.5,128,"{'rz': 87, 'rx': 67, 'sx': 48, 'rzz': 32, 'cz': 27, 'barrier': 6}",20,20,0,ok,
two_cz_ansatz,2cz_035,True,False,0.930031,0.777897,101,114.8,5.57,261,258.5,59,57.5,128,"{'rz': 87, 'rx': 67, 'sx': 48, 'rzz': 32, 'cz': 27, 'barrier': 6}",20,20,0,ok,
two_cz_ansatz,2cz_036,True,False,0.969976,0.756713,101,114.8,5.57,261,258.5,59,57.5,128,"{'rz': 87, 'rx': 67, 'sx': 48, 'rzz': 32, 'cz': 27, 'barrier': 6}",20,20,0,ok,
two_cz_ansatz,2cz_037,True,False,0.176155,0.760126,101,114.8,5.57,261,258.5,59,57.5,128,"{'rz': 87, 'rx': 67, 'sx': 48, 'rzz': 32, 'cz': 27, 'barrier': 6}",20,20,0,ok,
two_cz_ansatz,2cz_038,True,False,0.843278,0.736928,101,114.8,5.57,261,258.5,59,57.5,128,"{'rz': 87, 'rx': 67, 'sx': 48, 'rzz': 32, 'cz': 27, 'barrier': 6}",20,20,0,ok,
two_cz_ansatz,2cz_039,True,False,0.479407,0.69336,101,114.8,5.57,261,258.5,59,57.5,128,"{'rz': 87, 'rx': 67, 'sx': 48, 'rzz': 32, 'cz': 27, 'barrier': 6}",20,20,0,ok,
two_cz_ansatz,2cz_040,True,False,0.485204,0.753653,101,114.8,5.57,261,258.5,59,57.5,128,"{'rz': 87, 'rx': 67, 'sx': 48, 'rzz': 32, 'cz': 27, 'barrier': 6}",20,20,0,ok,
two_cz_ansatz,2cz_041,True,False,0.921879,0.784462,101,114.8,5.57,261,258.5,59,57.5,128,"{'rz': 87, 'rx': 67, 'sx': 48, 'rzz': 32, 'cz': 27, 'barrier': 6}",20,20,0,ok,
two_cz_ansatz,2cz_042,True,False,0.00331,0.750317,101,114.8,5.57,261,258.5,59,57.5,128,"{'rz': 87, 'rx': 67, 'sx': 48, 'rzz': 32, 'cz': 27, 'barrier': 6}",20,20,0,ok,
two_cz_ansatz,2cz_043,True,False,0.153358,0.811645,101,114.8,5.57,261,258.5,59,57.5,128,"{'rz': 87, 'rx': 67, 'sx': 48, 'rzz': 32, 'cz': 27, 'barrier': 6}",20,20,0,ok,
two_cz_ansatz,2cz_044,True,False,0.280599,0.751974,101,114.8,5.57,261,258.5,59,57.5,128,"{'rz': 87, 'rx': 67, 'sx': 48, 'rzz': 32, 'cz': 27, 'barrier': 6}",20,20,0,ok,
two_cz_ansatz,2cz_045,True,False,0.770306,0.763454,101,114.5,5.52,260,257.95,59,57.5,128,"{'rz': 86, 'rx': 67, 'sx': 48, 'rzz': 32, 'cz': 27, 'barrier': 6}",20,20,0,ok,
two_cz_ansatz,2cz_046,True,False,0.356795,0.685689,101,114.8,5.57,261,258.5,59,57.5,128,"{'rz': 87, 'rx': 67, 'sx': 48, 'rzz': 32, 'cz': 27, 'barrier': 6}",20,20,0,ok,
two_cz_ansatz,2cz_047,True,False,0.132806,0.925555,101,114.8,5.57,261,258.5,59,57.5,128,"{'rz': 87, 'rx': 67, 'sx': 48, 'rzz': 32, 'cz': 27, 'barrier': 6}",20,20,0,ok,
two_cz_ansatz,2cz_048,True,False,0.662394,0.705092,101,114.8,5.57,261,258.5,59,57.5,128,"{'rz': 87, 'rx': 67, 'sx': 48, 'rzz': 32, 'cz': 27, 'barrier': 6}",20,20,0,ok,
two_cz_ansatz,2cz_049,True,False,0.936216,0.826088,101,114.8,5.57,261,258.5,59,57.5,128,"{'rz': 87, 'rx': 67, 'sx': 48, 'rzz': 32, 'cz': 27, 'barrier': 6}",20,20,0,ok,
