backend,state,name,variant,factor,total_shots,invalid_fraction,job_ids,raw_unconditional,raw_unconditional_se,raw_unconditional_ci95_low,raw_unconditional_ci95_high,raw_conditional,raw_conditional_se,raw_conditional_ci95_low,raw_conditional_ci95_high,readout_unconditional,readout_unconditional_se,readout_unconditional_ci95_low,readout_unconditional_ci95_high,readout_conditional,readout_conditional_se,readout_conditional_ci95_low,readout_conditional_ci95_high
iqm_garnet,ame43,canonical_ez,optimal,1,13312,0.1908052884615385,01a079ef-c1d3-7f91-b55a-8ddfbdf4495f|01a079f0-15d9-7321-a80e-bc50068fb54a,3.4208723219045662,0.07924225046811609,3.266833804072384,3.5722128796903814,4.177343549168489,0.09364154687253444,3.987402070113694,4.361118222625445,3.864260656703661,0.0948659868032811,3.683516281296742,4.053047627871109,4.667650806992004,0.10960091176464434,4.45237288184419,4.890790583789085
iqm_garnet,ame43,canonical_ez,standard,1,13312,0.19959435096153844,01a079ef-c1d3-7f91-b55a-8ddfbdf4495f|01a079f0-15d9-7321-a80e-bc50068fb54a,3.263028098045165,0.07838720446226899,3.1147677932684417,3.4173464149078785,4.0068338356569075,0.0941672126309987,3.824851268271072,4.1894884595608834,3.685378064242211,0.0926053369430991,3.5113809986166973,3.86576024646038,4.480360502022908,0.10919704473736913,4.271417906126204,4.693181206991186
iqm_garnet,ame43,sup012_P210_ph002,optimal,1,6656,0.22881610576923073,01a079ef-c1d3-7f91-b55a-8ddfbdf4495f,2.545048156021294,0.10565120652757375,2.3426727651126127,2.7500734020164725,3.245528688496037,0.13286907664798525,2.9837356941066697,3.5061647251851817,2.911573631512348,0.12505573273380488,2.6611275710184117,3.150488409058021,3.670795153925933,0.155156632663969,3.3586723378596197,3.975309328415849
iqm_garnet,ame43,sup012_P210_ph002,standard,1,6656,0.23392427884615385,01a079ef-c1d3-7f91-b55a-8ddfbdf4495f,2.7731929013805576,0.10762200682848197,2.5557493965950377,2.9887868331837404,3.563466196398482,0.13403235883088233,3.2936722842708774,3.8220277116059314,3.166656675205087,0.12774605486344356,2.920821034978806,3.4310475485733907,4.025415905146198,0.15694976355811585,3.715055607245381,4.341359247437067
iqm_garnet,ame43,sup023_P021_ph000,optimal,1,6656,0.3252704326923077,01a079f0-15d9-7321-a80e-bc50068fb54a,2.565010319813505,0.10272505142358788,2.3626298352309796,2.7681837434281062,3.8487527113541056,0.14771435034973687,3.551734890816389,4.1390518449361995,2.985633934836475,0.1263959502845825,2.7372809884682354,3.2313969456504794,4.457702653648308,0.18129426474835286,4.1106686692054275,4.825317751556559
iqm_garnet,ame43,sup023_P021_ph000,standard,1,6656,0.3121995192307693,01a079f0-15d9-7321-a80e-bc50068fb54a,2.3558422832249217,0.10412117467903206,2.1554364484444832,2.5606590002580814,3.4471376816884898,0.14895080368778849,3.1630538761808227,3.7491075553209505,2.7272972628606866,0.1258235159583758,2.4852082549002934,2.977648991888977,3.9673321773754457,0.17896856686991702,3.636436109209114,4.32145416436974
iqm_garnet,ame43,sup023_P021_ph011,optimal,1,6656,0.3203125,01a079f0-15d9-7321-a80e-bc50068fb54a,2.589922453997538,0.10459183057861846,2.3877926033645727,2.7940124893907425,3.7973634406029824,0.14856307574320474,3.5079305172616824,4.0876702336629736,3.0057350130482527,0.1258746552280002,2.7606187129003072,3.25233564686458,4.382705183886775,0.177290982624482,4.039103627548405,4.724259408633097
iqm_garnet,ame43,sup023_P021_ph011,standard,1,6656,0.3126502403846154,01a079f0-15d9-7321-a80e-bc50068fb54a,2.6899141350285047,0.10309861120301389,2.4937730434351444,2.894909662824801,3.9506445934433216,0.14488242441061017,3.680830003054126,4.235725737437485,3.097045628548215,0.12387817767897245,2.8628856302061005,3.342943221110093,4.525466238217757,0.17334108006274324,4.203803584622044,4.8714021682605155
iqm_garnet,ghz3,canonical_ez,optimal,1,6144,0.09684244791666663,01a079e6-a749-76c2-9642-b3d066fc23e8,3.5469625492292787,0.09484597803120197,3.3574823767538255,3.730333573506912,3.9144415218222233,0.1032163531795801,3.711359998914342,4.107208042173724,4.008297179796307,0.11638791577374528,3.7845239702305733,4.232987709050425,4.368705805539768,0.12300413545860955,4.130567448517649,4.600477619985305
iqm_garnet,ghz3,canonical_ez,standard,1,6144,0.08756510416666663,01a079e6-a749-76c2-9642-b3d066fc23e8,3.5262037690826644,0.09840102375264069,3.3247480248839443,3.719055537473847,3.866292467553302,0.106366403675078,3.644069734782179,4.0704611115666225,3.93582801081942,0.11638840512625112,3.6977817685893317,4.163937832861784,4.266326595976668,0.12282303077738983,4.016939202338567,4.5070250322951235
iqm_garnet,ghz3,sup023_P021_ph001,optimal,1,6144,0.16097005208333337,01a079e6-a749-76c2-9642-b3d066fc23e8,3.199804719554593,0.095321876473329,3.0101724355835935,3.3829496607263225,3.797854749104876,0.11107944693535203,3.580118448337886,4.02098477364356,3.7099524793098055,0.12322297689201951,3.46851406162278,3.9560984520773856,4.352472318697649,0.139782362796056,4.07858327431863,4.639802681348506
iqm_garnet,ghz3,sup023_P021_ph001,standard,1,6144,0.17854817708333337,01a079e6-a749-76c2-9642-b3d066fc23e8,3.1855736726924895,0.09424987760476403,3.00134947076082,3.3636559575462823,3.8600857104085136,0.11183787711997964,3.634129874301206,4.070457257355318,3.6781817091243374,0.12014091927244405,3.4429082901170194,3.907911736741882,4.41420457465008,0.13980830465478386,4.135622663164707,4.669970915409124
iqm_garnet,ghz3,sup023_P021_ph011,optimal,1,6144,0.19319661458333337,01a079e6-a749-76c2-9642-b3d066fc23e8,3.0415859774235448,0.09389091587518326,2.860465596220533,3.2237142735003275,3.7888349652501243,0.11250218662102346,3.5719109101814044,3.9977847320600914,3.514728477795755,0.11998263937273372,3.2920619319764155,3.7477766430687502,4.344226274769786,0.14150531047169235,4.071185243886051,4.62189420675354
iqm_garnet,ghz3,sup023_P021_ph011,standard,1,6144,0.17171223958333337,01a079e6-a749-76c2-9642-b3d066fc23e8,3.122668113782197,0.09261174018141324,2.9368650713504025,3.303584579002951,3.781745338309376,0.10873420316315151,3.567400457036632,3.993701009984005,3.626010411543244,0.11900179873000533,3.3965762478527237,3.8638172565158344,4.348264740311385,0.13676812056537527,4.081669333510094,4.623081363479471
iqm_garnet,ghz3,sup023_P021_ph021,optimal,1,6144,0.16715494791666663,01a079e6-a749-76c2-9642-b3d066fc23e8,3.143560520675184,0.09602117161863641,2.9608089181854185,3.332922410365739,3.7588391472937266,0.11193310301096235,3.542333365659591,3.975526819328765,3.6394850098710707,0.12178021885985224,3.4095385463582,3.8853326585697516,4.305279110216302,0.1382981235233082,4.036887344373597,4.577555427421088
iqm_garnet,ghz3,sup023_P021_ph021,standard,1,6144,0.15706380208333337,01a079e6-a749-76c2-9642-b3d066fc23e8,2.9428321335091674,0.09516453794877447,2.7512903865019718,3.118692407966821,3.4914571921527533,0.1107512480773484,3.2662388201391757,3.6948891395087236,3.4199072971032773,0.11846375999323641,3.1873277838111482,3.640162334627672,4.01210038202585,0.1347378176166891,3.7492781036591105,4.267710493567833
iqm_garnet,two_qutrit,canonical_ez,optimal,1,9216,0.05414496527777779,01a079e3-ec18-75f0-be0a-16f32165daef,4.636430561732521,0.07416760538575644,4.48943096077788,4.778433678485362,4.900956034717394,0.07713801287428536,4.748343531994722,5.05096039634692,4.946237147303722,0.08399646734597357,4.784054660632426,5.1122948193976985,5.197388914539914,0.08587273645830025,5.031587689438922,5.366733316894702
iqm_garnet,two_qutrit,canonical_ez,standard,1,9216,0.056640625,01a079e3-ec18-75f0-be0a-16f32165daef,4.46306394185188,0.0744088363412838,4.313288227510558,4.599954707920338,4.7302275638075,0.07817735612815335,4.57278737518675,4.879221540161363,4.758772854091679,0.08518677774677012,4.591050662146709,4.923761283936869,5.014756885280871,0.08772302380221894,4.841003378086637,5.183211099117704
iqm_garnet,two_qutrit,sup023_P021_ph000,optimal,1,9216,0.08355034722222221,01a079e3-ec18-75f0-be0a-16f32165daef,4.2359549185986705,0.07398893562885667,4.086801818258202,4.3835978572570315,4.622428314356507,0.07911646163868098,4.462811680839971,4.779391345193104,4.499766047231278,0.08285850819252244,4.335433379267204,4.6616181507939345,4.905452698943435,0.08822791973099935,4.730499975052156,5.081694669778165
iqm_garnet,two_qutrit,sup023_P021_ph000,standard,1,9216,0.08734809027777779,01a079e3-ec18-75f0-be0a-16f32165daef,4.253224844621688,0.07360189517374173,4.112288682604436,4.397030832646192,4.66124993069479,0.07846980390018958,4.511279208738397,4.813951797405531,4.515458940343693,0.08246227085163266,4.355410378428413,4.670759635885715,4.944719396906455,0.08776224570950057,4.7722229098614735,5.111179826980188
iqm_garnet,two_qutrit,sup023_P021_ph012,optimal,1,9216,0.08658854166666663,01a079e3-ec18-75f0-be0a-16f32165daef,4.430347572118673,0.07176146866396887,4.289245662092648,4.569996685219622,4.850399777462911,0.07671157987940722,4.697458580038545,5.00154339135672,4.704803528370058,0.08071114104610728,4.545709606156964,4.865954537141509,5.1463093188477815,0.08600890066810388,4.97534217721079,5.317226344427343
iqm_garnet,two_qutrit,sup023_P021_ph012,standard,1,9216,0.09027777777777779,01a079e3-ec18-75f0-be0a-16f32165daef,4.339505148301103,0.07299335268194523,4.191718377451368,4.476661933863402,4.768074812788002,0.07887973644947566,4.612421469127957,4.918370211960723,4.599517143101833,0.08288080155207961,4.433922036573262,4.752584057718247,5.050948201512162,0.08927300562392358,4.876546439250676,5.2176961448720025
iqm_garnet,two_qutrit,sup023_P021_ph020,optimal,1,9216,0.08203125,01a079e3-ec18-75f0-be0a-16f32165daef,4.376624626376812,0.07412413850155253,4.231186279826825,4.523988379297147,4.76640228335935,0.07892005268943499,4.612223242454419,4.922063191885391,4.651270570186328,0.08461401298994754,4.487072778584622,4.817359278485092,5.059735740181591,0.08971411582144256,4.88213647821921,5.236268798881756
iqm_garnet,two_qutrit,sup023_P021_ph020,standard,1,9216,0.09613715277777779,01a079e3-ec18-75f0-be0a-16f32165daef,4.282390636589186,0.0756350300168885,4.137171195555894,4.430228490350347,4.740064756447539,0.08244891140020703,4.572626411367358,4.899559119203687,4.544845385625853,0.08521629065174517,4.379104996499515,4.712345225465319,5.0285723850683866,0.09266827458535186,4.844476593315966,5.211337821032888
ibm_kingston,ame43,canonical_ez,optimal,1,13312,0.1973407451923077,daf2e5e42tqs73avbu3g,3.8132201266950108,0.07600806076246583,3.6600802029707964,3.956127738722993,4.736482433963098,0.09134223661686423,4.546613949380976,4.905544185423117,6.782554031959505,0.3366845237125352,6.215435912514415,7.516200987804193,7.266097273664925,0.26825758231019686,6.795598250344319,7.849363214010759
ibm_kingston,ame43,canonical_ez,standard,1,13312,0.19966947115384615,daf2e5e42tqs73avbu3g,3.710275101766659,0.07711169700907673,3.560198697305133,3.860873391170067,4.642853384170917,0.09354837597356823,4.4600922570491655,4.827975092744208,6.460509736486756,0.3191146328210843,5.926938828659868,7.153808688214864,6.994487703069845,0.25994364338630344,6.51519885719958,7.542206823889921
ibm_kingston,ame43,sup012_P210_ph002,optimal,1,13312,0.4298377403846154,daf2e5e42tqs73avbu3g,2.313080335842147,0.06721445090737137,2.175340372052368,2.4432673812762413,4.039551677570737,0.11136900809626954,3.8132483780157584,4.261416403373013,5.329395124334778,0.36216351989490025,4.71838259692761,6.149852123003935,7.602489384785927,0.40041124258416644,6.893042314967982,8.484088577457083
ibm_kingston,ame43,sup012_P210_ph002,standard,1,13312,0.4356219951923077,daf2e5e42tqs73avbu3g,2.3366122471498527,0.06680200844505062,2.2121820103037466,2.4702828147884373,4.156705772857946,0.11312776579956409,3.9377677260965736,4.380016262208956,5.604799995858308,0.36757770136142104,4.9864772060461195,6.413375961707581,8.17793426740134,0.41255283842288326,7.421450808542502,9.092830413193356
ibm_kingston,ame43,sup023_P021_ph000,optimal,1,13312,0.43118990384615385,daf2e5e42tqs73avbu3g,2.1944735509318702,0.06639333904599888,2.0704901630166503,2.324925589832197,3.8344948399569696,0.11103397332815394,3.6183559643103336,4.049349784420482,5.149464267104866,0.34920353075597016,4.552035352205709,5.9195104115072805,7.45770823474018,0.4051801231302065,6.733754551669897,8.332238327332892
ibm_kingston,ame43,sup023_P021_ph000,standard,1,13312,0.41871995192307687,daf2e5e42tqs73avbu3g,2.3445279821344935,0.06911788541641559,2.2049900157803255,2.4758597502593296,4.052659107041468,0.11403995450050466,3.8221129313658135,4.2689349281023885,5.579864389119228,0.3716906076801929,4.931056081045984,6.387363387530077,7.846955847212861,0.40529220235131824,7.1088456133274285,8.739210888861859
ibm_kingston,ame43,sup023_P021_ph011,optimal,1,13312,0.42818509615384615,daf2e5e42tqs73avbu3g,2.1730451278634617,0.06731139229576723,2.0361559795888007,2.307087576641731,3.778581560821177,0.11140383018070615,3.5529137793035948,3.998270914843035,4.97849588438589,0.34225132168526456,4.394198398548365,5.733860135151969,7.205267488258028,0.3928712441318238,6.507037005852299,8.005084134517396
ibm_kingston,ame43,sup023_P021_ph011,standard,1,13312,0.42405348557692313,daf2e5e42tqs73avbu3g,2.292763397896242,0.06725267408502064,2.1563309327855533,2.4233174788638543,3.9682418797511216,0.10986468154663072,3.7505477575518102,4.177731707037528,5.319727847457334,0.35188043331279695,4.720618036654446,6.07934771958459,7.619340438469703,0.3906280392730475,6.895860744099753,8.417554414971576
ibm_kingston,ghz3,canonical_ez,optimal,1,12288,0.10139973958333337,daf2e5e42tqs73avbu3g,4.330525938961514,0.06641408016989897,4.1954416972409305,4.457106626405453,4.803208628197334,0.07231973871557074,4.662639428218546,4.9391346960477165,4.657734943229538,0.07823975253883711,4.502814703766078,4.808721906262619,5.0804758435728194,0.0807820895192561,4.9252570934315205,5.234732494281971
ibm_kingston,ghz3,canonical_ez,standard,1,12288,0.10611979166666663,daf2e5e42tqs73avbu3g,4.047332566312045,0.06579598457076985,3.9117043579938526,4.176608446987216,4.523947822188437,0.0718096004267208,4.371658143089421,4.662468160596362,4.350155484421036,0.07650423687556741,4.196070831248662,4.498810616833494,4.782125231876461,0.07977670208659372,4.622330335338836,4.938332215732196
ibm_kingston,ghz3,sup023_P021_ph001,optimal,1,12288,0.11140950520833337,daf2e5e42tqs73avbu3g,4.214220547631739,0.06706826381694499,4.085406862854908,4.344162003776498,4.7284213067053145,0.07372195904677631,4.586330083471084,4.869824171395311,4.531811706577093,0.07875060108267232,4.381252796702256,4.690818840559883,5.001566400184583,0.08246713954302842,4.8421376862564145,5.161674555707546
ibm_kingston,ghz3,sup023_P021_ph001,standard,1,12288,0.11279296875,daf2e5e42tqs73avbu3g,4.092952542965395,0.06600219204022263,3.965717091230149,4.221605937018093,4.610670943458752,0.0728615983662529,4.471124757854997,4.753689979453314,4.402899099943718,0.07797194239900812,4.2472739899793375,4.551059249191123,4.8785119835991555,0.08182686438089222,4.719093750392504,5.037409193059239
ibm_kingston,ghz3,sup023_P021_ph011,optimal,1,12288,0.115234375,daf2e5e42tqs73avbu3g,4.042055343740252,0.06628640251512645,3.9097856185143516,4.172169412940331,4.5669007432427975,0.0733176760251347,4.427447207414127,4.710706717398454,4.345796567233793,0.07769500324893447,4.197213783583025,4.498784548969174,4.829836527458711,0.08189758723197846,4.675566183788485,4.991649269204572
ibm_kingston,ghz3,sup023_P021_ph011,standard,1,12288,0.11018880208333337,daf2e5e42tqs73avbu3g,4.054191402753203,0.06617122294075559,3.917338711213461,4.188526278584231,4.553884186275305,0.07309946307212273,4.409029551005866,4.702967971408345,4.359035172962812,0.07677379402690859,4.204407492988264,4.513546765459355,4.815696898111147,0.08092310459320029,4.6585946112809715,4.980221988941465
ibm_kingston,ghz3,sup023_P021_ph021,optimal,1,12288,0.11197916666666663,daf2e5e42tqs73avbu3g,4.126381051422955,0.06927138370856258,3.9954528986339235,4.264883719792012,4.64767363293186,0.07627171279518441,4.502533691294358,4.796444701824248,4.436334732658206,0.08030277441838969,4.287085394883319,4.600427041655322,4.914839140896053,0.08438112780831401,4.757569275052864,5.088691504786674
ibm_kingston,ghz3,sup023_P021_ph021,standard,1,12288,0.11279296875,daf2e5e42tqs73avbu3g,4.1702092452720265,0.06613425528711715,4.040596182790973,4.303348407209074,4.695465872697447,0.07208087406087287,4.555310922554921,4.840989326517836,4.485583445708282,0.0781970211074424,4.33884567000497,4.645121249529197,4.968397678504708,0.08123258020867251,4.815116194248477,5.136004445963665
ibm_kingston,two_qutrit,canonical_ez,optimal,1,9216,0.07921006944444442,daf2e5e42tqs73avbu3g,3.8168577491787623,0.07389489809013006,3.6695041147543743,3.9537496426748304,4.112782168965189,0.07935016300923284,3.9502376523484983,4.263174892015885,4.924871357434444,0.16834636875265035,4.6159962112833615,5.283938850385449,4.9572656361767535,0.14177324995053964,4.671138880522094,5.2344824110588215
ibm_kingston,two_qutrit,canonical_ez,standard,1,9216,0.07801649305555558,daf2e5e42tqs73avbu3g,3.842081361309993,0.07508803851712294,3.6921688439108338,3.985442277213353,4.133361912928838,0.0803957737848679,3.9730682498079304,4.2879341200242225,4.769573430145898,0.16088628426340806,4.473929881998419,5.099119946603707,4.801783034356726,0.13774611426139308,4.5368567213712545,5.074374999124162
ibm_kingston,two_qutrit,sup023_P021_ph000,optimal,1,9216,0.06901041666666663,daf2e5e42tqs73avbu3g,4.6714144613226685,0.0721504643535484,4.527059370179547,4.815977260033708,5.017683739919077,0.07662766151843177,4.861792629866047,5.16691029666783,4.8653420328247385,0.07919830806923102,4.708970865674667,5.020746804893819,5.1806575531493495,0.0816512391239073,5.0156685637339455,5.338806421179086
ibm_kingston,two_qutrit,sup023_P021_ph000,standard,1,9216,0.06597222222222221,daf2e5e42tqs73avbu3g,4.661433438425988,0.07523000219950768,4.517411634247198,4.806262952493508,4.989941783636971,0.07915180499371993,4.835481723135179,5.145760612691795,4.854913681599479,0.08277118640748239,4.695946141296598,5.009117954947918,5.151182611594599,0.08461444689484528,4.988980825866001,5.312985884902102
ibm_kingston,two_qutrit,sup023_P021_ph012,optimal,1,9216,0.06792534722222221,daf2e5e42tqs73avbu3g,4.767522703521683,0.07287101290845269,4.624261141097655,4.910407469700361,5.114061944705559,0.07638102976106576,4.9640180244938055,5.2628485983607804,4.966062845343333,0.08037642652280776,4.807860845401176,5.124726507557511,5.280701500555904,0.08169523424033669,5.119104500297422,5.443665947647654
ibm_kingston,two_qutrit,sup023_P021_ph012,standard,1,9216,0.06814236111111116,daf2e5e42tqs73avbu3g,4.865107668642957,0.07376375136336281,4.72161419245463,5.014458680138969,5.220394503896554,0.07779233329503243,5.071118150346616,5.37879578008395,5.068908369038422,0.08053675230630107,4.907042702968719,5.228270025717529,5.392001779147185,0.08257973049331367,5.229744477236241,5.552995666150441
ibm_kingston,two_qutrit,sup023_P021_ph020,optimal,1,9216,0.06759982638888884,daf2e5e42tqs73avbu3g,4.7466962723143835,0.07430668205070334,4.600963412236624,4.893354729024573,5.0910714532981345,0.07882323872744419,4.938860027873565,5.247709723171034,4.943401123885692,0.08136229756408998,4.788838060128657,5.11071438487121,5.25559284255647,0.08356082184468697,5.096110607101026,5.42196819975329
ibm_kingston,two_qutrit,sup023_P021_ph020,standard,1,9216,0.07052951388888884,daf2e5e42tqs73avbu3g,4.774365883728915,0.07372140584775988,4.627564512833088,4.913232468929148,5.135678951423919,0.07812678108711811,4.98160599244705,5.285316023296391,4.972369340998307,0.08083564578455622,4.815259309929241,5.124817756427819,5.302596447768726,0.08321131339696487,5.140878318582006,5.459368277198163
ibm_marrakesh,ame43,canonical_ez,optimal,1,6656,0.19576322115384615,daf4mqdnj4cs73aft2v0,4.382905316809905,0.1037663155053366,4.174764122167915,4.594974516530234,5.477919256510852,0.12278177917455746,5.236794645214525,5.711623100106904,4.85378401469946,0.12498840573823862,4.625413030502994,5.104689735160107,5.986363026066352,0.14337386775615865,5.717129667234322,6.269854444684936
ibm_marrakesh,ame43,canonical_ez,standard,1,6656,0.1981670673076923,daf4mqdnj4cs73aft2v0,4.051975748549931,0.10826531329903716,3.8369565361617117,4.271429226460111,5.072591645606339,0.12730838378498996,4.828931567936554,5.322545648202461,4.478730336986511,0.12840409486904347,4.22920316128227,4.7469495686166905,5.533446570301196,0.14691570788551425,5.248277143709704,5.835053041627259
ibm_marrakesh,ame43,sup012_P210_ph002,optimal,1,6656,0.23182091346153844,daf4mqdnj4cs73aft2v0,3.5381164062357144,0.10822217593542978,3.327067021913185,3.7500570517818086,4.6404528448834075,0.1346493646837295,4.374551429159152,4.90842407901562,3.9348356141706375,0.12795490113156968,3.6838986375832503,4.1840419721080595,5.088492407988762,0.15522459778447675,4.781494754922383,5.391990232652027
ibm_marrakesh,ame43,sup012_P210_ph002,standard,1,6656,0.24939903846153844,daf4mqdnj4cs73aft2v0,3.7418306088635602,0.10299003281757338,3.5456975989875548,3.9470167242660805,4.941997516407381,0.12963552026239164,4.695468953730334,5.20214503380946,4.16385491328564,0.12439697350246093,3.9316403984334825,4.412662046186572,5.424010819142422,0.15320264619924248,5.136340508605197,5.732358420145271
ibm_marrakesh,ame43,sup023_P021_ph000,optimal,1,6656,0.23482572115384615,daf4mqdnj4cs73aft2v0,3.9959714057622,0.10516427545101886,3.7907413844190656,4.2039358298042835,5.179529729314661,0.13015391908615642,4.919542806400219,5.434101240884059,4.45335668631046,0.1275818210476326,4.204096393887308,4.708385173836704,5.692895842701426,0.15240969270115323,5.407204088976108,6.001961335884526
ibm_marrakesh,ame43,sup023_P021_ph000,standard,1,6656,0.24534254807692313,daf4mqdnj4cs73aft2v0,3.776231054910862,0.10490464945028712,3.5652115744383615,3.9869588886384455,5.01188415297741,0.13124970859293536,4.76100266819727,5.2771565090538335,4.212194016223791,0.12610823926677076,3.9708123788637355,4.465963875220291,5.512147045338398,0.15253527167684797,5.218290953310635,5.818671114722006
ibm_marrakesh,ame43,sup023_P021_ph011,optimal,1,6656,0.24278846153846156,daf4mqdnj4cs73aft2v0,3.7553665767810247,0.10806926964457648,3.5449548619746647,3.9703048511855714,4.979506308668147,0.1369170343602378,4.715041447519566,5.256110210873803,4.192725639115869,0.12976422046065503,3.942142352723959,4.458803771595809,5.481327624133413,0.160301097576393,5.178310792536884,5.8167962617956475
ibm_marrakesh,ame43,sup023_P021_ph011,standard,1,6656,0.248046875,daf4mqdnj4cs73aft2v0,3.8029544530650563,0.10378083578863351,3.6023264988807444,3.99819341819503,5.006955072661806,0.13082748706900946,4.751959504252741,5.254991751455964,4.234278373024681,0.12386485903047201,3.9973107610254806,4.482610268138689,5.496478904269726,0.15213965137844426,5.19510483184398,5.788795806038693
ibm_marrakesh,ghz3,canonical_ez,optimal,1,6144,0.17594401041666663,daf4mqdnj4cs73aft2v0,2.9486789769310846,0.0917427020254046,2.7669613572355853,3.123438509826879,3.536872573310466,0.10984203282762815,3.3220950337808133,3.7486574490409934,3.1698504764507223,0.10196447003571484,2.9674973822105506,3.36760222529172,3.762742781540755,0.11956580800307194,3.526287198652017,3.9921850007238793
ibm_marrakesh,ghz3,canonical_ez,standard,1,6144,0.17545572916666663,daf4mqdnj4cs73aft2v0,2.9435662429267206,0.09205265264110862,2.762244671135915,3.125432259670037,3.5285553168892028,0.10963934206181092,3.31332083515989,3.7367954752829586,3.16622060358922,0.10080653384782992,2.9684625392754502,3.3649798816775838,3.7577596608768067,0.11821844157545985,3.5277813919378547,3.9855361164163883
ibm_marrakesh,ghz3,sup023_P021_ph001,optimal,1,6144,0.20817057291666663,daf4mqdnj4cs73aft2v0,2.7264754824566135,0.0927952308913411,2.5441254621590086,2.914371454042583,3.430629496296446,0.11582564582019514,3.2050770303325327,3.6657013573401076,2.9235181172262465,0.10345746963555207,2.7196914592767643,3.1288061752815,3.640943871910207,0.12605649383063997,3.3920790470617863,3.890074183972603
ibm_marrakesh,ghz3,sup023_P021_ph001,standard,1,6144,0.2138671875,daf4mqdnj4cs73aft2v0,2.808280774689265,0.09331337198589093,2.623706643416168,2.9830589725929473,3.570015175969026,0.11639046989315308,3.339970584708999,3.7948331660171655,3.0139020862837578,0.10564877785185438,2.8090986634210506,3.227485873914357,3.7932819790788628,0.12821887044236482,3.5426164365228607,4.051100861362513
ibm_marrakesh,ghz3,sup023_P021_ph011,optimal,1,6144,0.21728515625,daf4mqdnj4cs73aft2v0,2.5627540796256367,0.09413905409535027,2.3812633223972246,2.7458209805824514,3.2633433372757343,0.11722575233484463,3.035811850538481,3.4870355858831945,2.747769322480972,0.10394350868656384,2.545481760628747,2.9460358101054696,3.4638003112238174,0.12670123869621638,3.2205122431698565,3.7046881294082827
ibm_marrakesh,ghz3,sup023_P021_ph011,standard,1,6144,0.21858723958333337,daf4mqdnj4cs73aft2v0,2.602052303491901,0.09241315108034741,2.418949228569655,2.781802615043807,3.3187303093028744,0.11613638628715282,3.090915241479151,3.543219640060838,2.793274921659841,0.10332954327683254,2.587390073032512,2.9912667568122324,3.52708675321404,0.12671053272322702,3.281139011669545,3.77409959212625
ibm_marrakesh,ghz3,sup023_P021_ph021,optimal,1,6144,0.2119140625,daf4mqdnj4cs73aft2v0,2.5906156906786637,0.09097474879913167,2.4168612025272282,2.763868843666891,3.28719776724051,0.11335384685564356,3.0716617910461177,3.5052338600422654,2.779656148734257,0.10273017018180887,2.5842090880419892,2.986102408256903,3.4921315428987234,0.12473286507875736,3.2552500583824386,3.7459055020212597
ibm_marrakesh,ghz3,sup023_P021_ph021,standard,1,6144,0.2158203125,daf4mqdnj4cs73aft2v0,2.8288433031538065,0.09154519070794138,2.6565251116454145,3.010017553899115,3.607211536809491,0.1137501179640807,3.389159616889165,3.8266442213658576,3.037054375607558,0.1031429163141009,2.840541153877487,3.239915632957489,3.8344259622556023,0.12526666843145465,3.5910060437314133,4.079623670838863
ibm_marrakesh,two_qutrit,canonical_ez,optimal,1,4608,0.07552083333333337,daf4mqdnj4cs73aft2v0,3.9992624019379095,0.10621960870266904,3.79751316878845,4.201507174845739,4.315608295621572,0.11433017237823832,4.100513886573956,4.54034152883472,4.109045705499656,0.11178073322722226,3.8972369571512133,4.322588644221665,4.418180095917354,0.11920520341813705,4.196211002450454,4.647579788816858
ibm_marrakesh,two_qutrit,canonical_ez,standard,1,4608,0.08289930555555558,daf4mqdnj4cs73aft2v0,3.819972783487513,0.10504737976551078,3.6188275571169153,4.022261400751358,4.153928437398457,0.11316413086801945,3.9351416391492244,4.376683365040211,3.9253866391814705,0.11062159268466244,3.709768790104232,4.140488431193495,4.253581003393782,0.11810347565522991,4.020964653064237,4.487171100413531
ibm_marrakesh,two_qutrit,sup023_P021_ph000,optimal,1,4608,0.14279513888888884,daf4mqdnj4cs73aft2v0,3.899211979902628,0.09828621757654625,3.703652270879773,4.0941313181113514,4.546874401124069,0.11144440250279246,4.325559298378629,4.76105835269192,4.020615239791915,0.10499661594856624,3.8148066394997038,4.225057357372753,4.678019055015802,0.11825189204630898,4.4429456728751,4.90716070687173
ibm_marrakesh,two_qutrit,sup023_P021_ph000,standard,1,4608,0.14366319444444442,daf4mqdnj4cs73aft2v0,3.960469949257868,0.10279050880863176,3.7701164615365506,4.1616909061123595,4.622972764252157,0.117395459395822,4.4042133902866665,4.850636717982788,4.08365427199316,0.10976761001066603,3.875627968681609,4.302113935625823,4.756310356777741,0.12452672778600928,4.523898990608599,4.998737073517596
ibm_marrakesh,two_qutrit,sup023_P021_ph012,optimal,1,4608,0.14366319444444442,daf4mqdnj4cs73aft2v0,3.764168380108639,0.10113983766495223,3.5670776019915817,3.959126530728201,4.397333812556827,0.11482657172545022,4.172067006191524,4.617191220073898,3.8792875591455083,0.10695538040587078,3.668631285890689,4.0893084021076,4.522327226077385,0.1207318759255354,4.286181899021092,4.75632165796787
ibm_marrakesh,two_qutrit,sup023_P021_ph012,standard,1,4608,0.14778645833333337,daf4mqdnj4cs73aft2v0,3.9129254007413663,0.1028701496316961,3.7154288912391484,4.121819807676368,4.590769587347521,0.11716228911429581,4.368460163357087,4.826837406573184,4.035853567627348,0.10896209623277722,3.8235703534195595,4.252355753934437,4.725925265352302,0.12326547038405512,4.485302443150371,4.969210686190735
ibm_marrakesh,two_qutrit,sup023_P021_ph020,optimal,1,4608,0.12044270833333337,daf4mqdnj4cs73aft2v0,4.02196811168158,0.10198488784550909,3.8201526064755025,4.226332233181017,4.5712831188690295,0.11288218735436248,4.346719094154645,4.793935197499122,4.149249452169637,0.10809587055637504,3.9394810641418436,4.367429220586843,4.702579008102094,0.11889622188108499,4.46666305193519,4.935559361250045
ibm_marrakesh,two_qutrit,sup023_P021_ph020,standard,1,4608,0.14778645833333337,daf4mqdnj4cs73aft2v0,3.81513490576946,0.10195036977703181,3.6151958373228728,4.011448329755831,4.474664796044106,0.11633071175719178,4.247418110828368,4.700931150657766,3.9324286106918813,0.10807605533353953,3.7267898244627307,4.142513768705611,4.602278225410994,0.12254854877538199,4.372205101880909,4.844884565704893
ibm_fez,ame43,canonical_ez,optimal,1,13312,0.21461838942307687,daf4uq3dd5gc73d9c730,3.9687427659061707,0.07478752202883202,3.824161380493319,4.1128939611406485,5.041652843500553,0.09119159270996358,4.86518474790732,5.222595889447585,4.338546757979411,0.0872706637817967,4.1712593835380165,4.509327729242218,5.429269250722964,0.1026485617333865,5.230455162324082,5.632565265055303
ibm_fez,ame43,canonical_ez,standard,1,13312,0.22611177884615385,daf4uq3dd5gc73d9c730,3.762415198581762,0.07723473869737839,3.610967472648494,3.910069410346808,4.867275931454298,0.09537850926049092,4.679802954846036,5.046220048509942,4.1133464487081035,0.09115390910821307,3.937059116707042,4.289120938477069,5.242910127166003,0.10920332315358215,5.024926928372799,5.4524112115013414
ibm_fez,ame43,sup012_P210_ph002,optimal,1,13312,0.26389723557692313,daf4uq3dd5gc73d9c730,3.5143487351718576,0.0744432369856923,3.3698805284543107,3.6602484046802384,4.780930993324739,0.095464928521743,4.594321267571437,4.9644256674681975,3.8985565109147,0.08899892687867111,3.729854755166966,4.0735269014644775,5.224054236968814,0.110439436534581,5.012410045129668,5.441964806875042
ibm_fez,ame43,sup012_P210_ph002,standard,1,13312,0.26307091346153844,daf4uq3dd5gc73d9c730,3.4234456169976086,0.07598807033635337,3.2747103778477498,3.576775382283081,4.625069645887225,0.09719836539682078,4.438316260395785,4.81771503559673,3.8058181688778787,0.09037898841483587,3.6328288146116945,3.9931271267018507,5.06619805485931,0.11216044374848899,4.852141595639577,5.293143955662079
ibm_fez,ame43,sup023_P021_ph000,optimal,1,13312,0.2693810096153846,daf4uq3dd5gc73d9c730,3.470890134506925,0.07404220737980571,3.3276514027718913,3.615868682505675,4.739802991556449,0.09606866339538549,4.55416020113883,4.930338622001213,3.8496639008503837,0.08900252693044565,3.673508664251402,4.022110935143599,5.182290665443326,0.11164147751818637,4.955386650868941,5.400316204418278
ibm_fez,ame43,sup023_P021_ph000,standard,1,13312,0.2617938701923077,daf4uq3dd5gc73d9c730,3.276295870047904,0.07455923422801378,3.126461046429073,3.417406708283097,4.401334021115393,0.09700021034010192,4.208051958688111,4.590141033635614,3.638333144890651,0.08858925346679505,3.4607528413903617,3.8112644028445932,4.814403298976439,0.11137792143139412,4.590403557769261,5.033346590071473
ibm_fez,ame43,sup023_P021_ph011,optimal,1,13312,0.26802884615384615,daf4uq3dd5gc73d9c730,3.3397018244101178,0.07415718634436827,3.193208017021463,3.4834676657663177,4.562769885455286,0.09753911473534345,4.372924357623641,4.755774193773685,3.710177361919591,0.08939470104719084,3.5343817911917914,3.8854923846711755,4.9958045587798665,0.11420455491650099,4.777548360051795,5.220977129689544
ibm_fez,ame43,sup023_P021_ph011,standard,1,13312,0.271484375,daf4uq3dd5gc73d9c730,3.3274845610148067,0.07326568913653764,3.172177610998526,3.4748831030516727,4.532968434908566,0.09448117553707808,4.338765927487546,4.7245225773722,3.6864223225252584,0.08756170526903445,3.5128804711781814,3.862807592181361,4.946593570962885,0.10931933377575899,4.735516798064635,5.167710399318158
ibm_fez,ghz3,canonical_ez,optimal,1,12288,0.12687174479166663,daf4uq3dd5gc73d9c730,3.5791896416976847,0.06627834696077413,3.446805686254815,3.7073722819388246,4.094509065336654,0.07499421476355318,3.941745379615516,4.237552435160192,4.031354135709419,0.08524118946523764,3.8579537011594383,4.195151043602488,4.508352157624878,0.0903661790832823,4.327598302834552,4.68433238404497
ibm_fez,ghz3,canonical_ez,standard,1,12288,0.13484700520833337,daf4uq3dd5gc73d9c730,3.542390700275771,0.06578034054018951,3.41577241983832,3.6682570358894098,4.0945991175215015,0.07461296055510612,3.95006057862506,4.238556129878425,3.9902133598110874,0.08301582800928595,3.8248320129975655,4.154502249059012,4.509555878962668,0.08878127306420747,4.332294191138445,4.681864695482917
ibm_fez,ghz3,sup023_P021_ph001,optimal,1,12288,0.14518229166666663,daf4uq3dd5gc73d9c730,3.4612028352825153,0.06751718346136464,3.3313993660891548,3.593924926060768,4.043625775002057,0.07679310306491315,3.894636857589122,4.192599724055318,3.899133399076904,0.08375934035039734,3.7400849838041528,4.0627186058414395,4.456535079618106,0.08998777706201959,4.281853924245866,4.632708648976313
ibm_fez,ghz3,sup023_P021_ph001,standard,1,12288,0.14591471354166663,daf4uq3dd5gc73d9c730,3.39897391419124,0.06722275075819811,3.268537485182218,3.53675569108243,3.978524017706549,0.07729549692001808,3.8286333182033068,4.132958838152845,3.8342288192451885,0.08515536361577944,3.6824094803888117,4.0166729851924385,4.3891542795595955,0.09200862418628006,4.218879336952539,4.578854722317765
ibm_fez,ghz3,sup023_P021_ph011,optimal,1,12288,0.135009765625,daf4uq3dd5gc73d9c730,3.416676032921227,0.06956471251645378,3.277222931867583,3.552172020799909,3.9558305998625776,0.0792713953579503,3.7988097943166954,4.115484323954379,3.8543698698106086,0.08749915514857459,3.6814637203235328,4.0261440830291395,4.363994705427996,0.09392344412568557,4.173974165539348,4.551923191139231
ibm_fez,ghz3,sup023_P021_ph011,standard,1,12288,0.13981119791666663,daf4uq3dd5gc73d9c730,3.383570187139251,0.06764433768104264,3.2532572484836684,3.5171986391974204,3.935271985024747,0.0771885985408084,3.7849199559219384,4.084808238568864,3.8131721052310574,0.0839155117277677,3.649053262563367,3.9764624240657165,4.337867883641578,0.09058899458673365,4.160177663574026,4.51882300651706
ibm_fez,ghz3,sup023_P021_ph021,optimal,1,12288,0.14957682291666663,daf4uq3dd5gc73d9c730,3.3996695589941712,0.06778158489602874,3.2692956009151932,3.530264547156586,3.988247273919025,0.0776852944193256,3.8314497207390508,4.14063736712669,3.8310620786216245,0.08605605963542232,3.667454972660176,4.00132264613632,4.396504299180754,0.0928723317986311,4.217153144406946,4.578473386623235
ibm_fez,ghz3,sup023_P021_ph021,standard,1,12288,0.15543619791666663,daf4uq3dd5gc73d9c730,3.3598562857731227,0.06658858660404604,3.232208825577568,3.4911396332580193,3.9835048197382106,0.07678121071592388,3.836470483029412,4.133899094387932,3.78838680549968,0.08370964949787553,3.625494466870119,3.962422059116384,4.39583589778218,0.09104787650039438,4.217393100091211,4.574935006645493
ibm_fez,two_qutrit,canonical_ez,optimal,1,9216,0.07758246527777779,daf4uq3dd5gc73d9c730,4.155395434388367,0.07351526493468595,4.013076226545658,4.294938248374988,4.503029620079511,0.07790227076967829,4.354234249383016,4.650600838290559,4.467083686514545,0.08450460240489838,4.3046244500248,4.631875876336088,4.794794396910151,0.0870433293010093,4.631722253486045,4.964374401922019
ibm_fez,two_qutrit,canonical_ez,standard,1,9216,0.08072916666666663,daf4uq3dd5gc73d9c730,4.266725132816228,0.07461698797156685,4.124155761594565,4.4116445358454035,4.640148248571774,0.08009718028738942,4.48848795852436,4.794707261830525,4.575629318581563,0.0867504586943815,4.4148768723530285,4.745734160478926,4.929899719370061,0.09015353896715408,4.765525195024707,5.108247229842053
ibm_fez,two_qutrit,sup023_P021_ph000,optimal,1,9216,0.0986328125,daf4uq3dd5gc73d9c730,4.401241828418292,0.07407516882781343,4.255133483232022,4.5504584046435905,4.883229640829377,0.08072472035079645,4.725012720536914,5.044357337666725,4.727161512836538,0.08636706427969397,4.562578263827026,4.902648059449487,5.2003366679744945,0.09168112034153396,5.0206811066051715,5.382499974356517
ibm_fez,two_qutrit,sup023_P021_ph000,standard,1,9216,0.09505208333333337,daf4uq3dd5gc73d9c730,4.281247142845362,0.072627221812794,4.146968591157707,4.414941258046563,4.731935961869675,0.07881383703957405,4.583974772804081,4.880420633698384,4.594984440881902,0.0837500017164312,4.440659304317918,4.758643184336328,5.0342492165007675,0.08856501696405712,4.872540758163742,5.208180455395661
ibm_fez,two_qutrit,sup023_P021_ph012,optimal,1,9216,0.09483506944444442,daf4uq3dd5gc73d9c730,4.28037515463786,0.07396310825871943,4.132533325581808,4.4179405099116895,4.7293027619303505,0.07965882583467403,4.570627954231974,4.8791699674453595,4.598736396016604,0.08590089890608017,4.424707466112742,4.762382922511925,5.038755652266878,0.09003239061145421,4.859413764339764,5.211130515495428
ibm_fez,two_qutrit,sup023_P021_ph012,standard,1,9216,0.09440104166666663,daf4uq3dd5gc73d9c730,4.406108441935614,0.07502205435189843,4.265491692054644,4.551439136620269,4.865475167191089,0.08093591392396236,4.7122065909008075,5.018012770898493,4.73669175698033,0.08698013589649489,4.571610455527647,4.913588727431192,5.187266755970686,0.0913412403393232,5.012362783406394,5.369937885432996
ibm_fez,two_qutrit,sup023_P021_ph020,optimal,1,9216,0.09244791666666663,daf4uq3dd5gc73d9c730,4.329783776103602,0.07239537265733753,4.1901149895894605,4.470286392392673,4.768152010543466,0.07774498946278705,4.613333869798477,4.918467591661491,4.647135004606753,0.08420835470922106,4.486847448617337,4.80825208756196,5.071911350531051,0.08785861199828877,4.897565168441425,5.237883730031495
ibm_fez,two_qutrit,sup023_P021_ph020,standard,1,9216,0.09841579861111116,daf4uq3dd5gc73d9c730,4.266750517865507,0.07118028477069654,4.125289639184735,4.40124231485906,4.73192790792472,0.07732643340379136,4.584492285228842,4.875592844308416,4.5850477029654515,0.08360127206834517,4.424577711222115,4.742715087349753,5.042968891421597,0.08830312990189328,4.873180631479675,5.2110562796918165
