backend,state,name,variant,factor,estimator,value,se,ci95_low,ci95_high
iqm_garnet,two_qutrit,canonical_ez,standard,1,raw_unconditional,4.46306394185188,0.0744088363412838,4.313288227510558,4.599954707920338
iqm_garnet,two_qutrit,canonical_ez,standard,3,raw_unconditional,2.233011657557484,0.10320420942054812,2.0306694931051217,2.4311289063450165
iqm_garnet,two_qutrit,canonical_ez,standard,5,raw_unconditional,1.0178390935557564,0.09822565847191982,0.8206860186769729,1.2105102566876704
iqm_garnet,two_qutrit,canonical_ez,standard,1,raw_conditional,4.7302275638075,0.07817735612815335,4.57278737518675,4.879221540161363
iqm_garnet,two_qutrit,canonical_ez,standard,3,raw_conditional,2.5642901527653046,0.11767079784890538,2.3348217954569486,2.789172085644662
iqm_garnet,two_qutrit,canonical_ez,standard,5,raw_conditional,1.246294329655646,0.12154207412421077,1.0053574985138192,1.4844579681612846
iqm_garnet,two_qutrit,canonical_ez,standard,1,readout_unconditional,4.758772854091679,0.08518677774677012,4.591050662146709,4.923761283936869
iqm_garnet,two_qutrit,canonical_ez,standard,3,readout_unconditional,2.321181058179801,0.10895403224490413,2.110646242197583,2.5264227026871353
iqm_garnet,two_qutrit,canonical_ez,standard,5,readout_unconditional,1.0651922109385474,0.10425234572482102,0.8627528329393549,1.2719095981513553
iqm_garnet,two_qutrit,canonical_ez,standard,1,readout_conditional,5.014756885280871,0.08772302380221894,4.841003378086637,5.183211099117704
iqm_garnet,two_qutrit,canonical_ez,standard,3,readout_conditional,2.665315631784532,0.12425372448997436,2.424834107612369,2.899525701383349
iqm_garnet,two_qutrit,canonical_ez,standard,5,readout_conditional,1.299950350024127,0.12859924616402918,1.0500676013285672,1.555556851713301
iqm_garnet,two_qutrit,canonical_ez,optimal,1,raw_unconditional,4.636430561732521,0.07416760538575644,4.48943096077788,4.778433678485362
iqm_garnet,two_qutrit,canonical_ez,optimal,3,raw_unconditional,2.6707759700248435,0.10650760265515227,2.461632137457906,2.8777530144889454
iqm_garnet,two_qutrit,canonical_ez,optimal,5,raw_unconditional,1.3778798477916765,0.09912181921928531,1.1843540217005712,1.5552559762154878
iqm_garnet,two_qutrit,canonical_ez,optimal,1,raw_conditional,4.900956034717394,0.07713801287428536,4.748343531994722,5.05096039634692
iqm_garnet,two_qutrit,canonical_ez,optimal,3,raw_conditional,3.0633046881990924,0.12082107440850579,2.8226203641412684,3.2944044861381405
iqm_garnet,two_qutrit,canonical_ez,optimal,5,raw_conditional,1.7229540362359348,0.12378831861860268,1.4717069727919692,1.9495455676304245
iqm_garnet,two_qutrit,canonical_ez,optimal,1,readout_unconditional,4.946237147303722,0.08399646734597357,4.784054660632426,5.1122948193976985
iqm_garnet,two_qutrit,canonical_ez,optimal,3,readout_unconditional,2.773636359422272,0.11181596082211717,2.5546727620993788,2.9861878437363956
iqm_garnet,two_qutrit,canonical_ez,optimal,5,readout_unconditional,1.4519431210710938,0.10486932939376599,1.2459949274267403,1.6423915605845703
iqm_garnet,two_qutrit,canonical_ez,optimal,1,readout_conditional,5.197388914539914,0.08587273645830025,5.031587689438922,5.366733316894702
iqm_garnet,two_qutrit,canonical_ez,optimal,3,readout_conditional,3.181855932461849,0.1266294268979267,2.9282128420343585,3.4287521177929725
iqm_garnet,two_qutrit,canonical_ez,optimal,5,readout_conditional,1.8118012083259065,0.13042902184962363,1.5476196934224271,2.0500031996183
iqm_garnet,two_qutrit,sup023_P021_ph000,standard,1,raw_unconditional,4.253224844621688,0.07360189517374173,4.112288682604436,4.397030832646192
iqm_garnet,two_qutrit,sup023_P021_ph000,standard,3,raw_unconditional,2.8546970350490732,0.09975928282161343,2.6689301957458653,3.0568787636370383
iqm_garnet,two_qutrit,sup023_P021_ph000,standard,5,raw_unconditional,0.48180054922955706,0.09574331500671865,0.28785423735336946,0.6604743771114809
iqm_garnet,two_qutrit,sup023_P021_ph000,standard,1,raw_conditional,4.66124993069479,0.07846980390018958,4.511279208738397,4.813951797405531
iqm_garnet,two_qutrit,sup023_P021_ph000,standard,3,raw_conditional,3.5246511674846883,0.1206360973369016,3.2888791665393775,3.766593988936538
iqm_garnet,two_qutrit,sup023_P021_ph000,standard,5,raw_conditional,0.6890001224495482,0.1346645588342532,0.41382374208799694,0.9391968436059546
iqm_garnet,two_qutrit,sup023_P021_ph000,standard,1,readout_unconditional,4.515458940343693,0.08246227085163266,4.355410378428413,4.670759635885715
iqm_garnet,two_qutrit,sup023_P021_ph000,standard,3,readout_unconditional,3.0770852544828062,0.1116315531085178,2.868189671460711,3.3028261591685166
iqm_garnet,two_qutrit,sup023_P021_ph000,standard,5,readout_unconditional,0.5452693853216735,0.10633228691359427,0.32867761015255725,0.7434247981980645
iqm_garnet,two_qutrit,sup023_P021_ph000,standard,1,readout_conditional,4.944719396906455,0.08776224570950057,4.7722229098614735,5.111179826980188
iqm_garnet,two_qutrit,sup023_P021_ph000,standard,3,readout_conditional,3.8044303385177423,0.1347687733149579,3.545283552396316,4.076296792473992
iqm_garnet,two_qutrit,sup023_P021_ph000,standard,5,readout_conditional,0.7873543238733567,0.1509331857921549,0.48154956648261943,1.0714542622642484
iqm_garnet,two_qutrit,sup023_P021_ph000,optimal,1,raw_unconditional,4.2359549185986705,0.07398893562885667,4.086801818258202,4.3835978572570315
iqm_garnet,two_qutrit,sup023_P021_ph000,optimal,3,raw_unconditional,2.705156810275229,0.10484782581158636,2.4995974197084125,2.911661142443484
iqm_garnet,two_qutrit,sup023_P021_ph000,optimal,5,raw_unconditional,0.6059251622336739,0.09532753470239133,0.42630066521270094,0.7850829003602234
iqm_garnet,two_qutrit,sup023_P021_ph000,optimal,1,raw_conditional,4.622428314356507,0.07911646163868098,4.462811680839971,4.779391345193104
iqm_garnet,two_qutrit,sup023_P021_ph000,optimal,3,raw_conditional,3.213261133686572,0.12371774035168755,2.96452385946169,3.45435238986326
iqm_garnet,two_qutrit,sup023_P021_ph000,optimal,5,raw_conditional,0.8189457778515389,0.1301090224681962,0.5700155579488347,1.0608279088896866
iqm_garnet,two_qutrit,sup023_P021_ph000,optimal,1,readout_unconditional,4.499766047231278,0.08285850819252244,4.335433379267204,4.6616181507939345
iqm_garnet,two_qutrit,sup023_P021_ph000,optimal,3,readout_unconditional,2.9146465443212106,0.11675742690569418,2.6818808438425195,3.140210081889184
iqm_garnet,two_qutrit,sup023_P021_ph000,optimal,5,readout_unconditional,0.6850394888278027,0.10633950317738464,0.48781992902450083,0.8894759961121562
iqm_garnet,two_qutrit,sup023_P021_ph000,optimal,1,readout_conditional,4.905452698943435,0.08822791973099935,4.730499975052156,5.081694669778165
iqm_garnet,two_qutrit,sup023_P021_ph000,optimal,3,readout_conditional,3.4590185492277254,0.13744108047843928,3.1879369290054242,3.7314728529366317
iqm_garnet,two_qutrit,sup023_P021_ph000,optimal,5,readout_conditional,0.9297906181918009,0.14615433628782895,0.6549492106681868,1.2124882301054367
iqm_garnet,two_qutrit,sup023_P021_ph012,standard,1,raw_unconditional,4.339505148301103,0.07299335268194523,4.191718377451368,4.476661933863402
iqm_garnet,two_qutrit,sup023_P021_ph012,standard,3,raw_unconditional,3.0601736145731704,0.10113366634582888,2.866618485923792,3.260886345505262
iqm_garnet,two_qutrit,sup023_P021_ph012,standard,5,raw_unconditional,0.5191466901616024,0.0900636102533549,0.34047263695628127,0.6956297944025932
iqm_garnet,two_qutrit,sup023_P021_ph012,standard,1,raw_conditional,4.768074812788002,0.07887973644947566,4.612421469127957,4.918370211960723
iqm_garnet,two_qutrit,sup023_P021_ph012,standard,3,raw_conditional,3.7493427520508256,0.12092594325370425,3.518462971932549,3.982483576037387
iqm_garnet,two_qutrit,sup023_P021_ph012,standard,5,raw_conditional,0.7708262899719126,0.1356834472343841,0.5065513888059358,1.0376521904065334
iqm_garnet,two_qutrit,sup023_P021_ph012,standard,1,readout_unconditional,4.599517143101833,0.08288080155207961,4.433922036573262,4.752584057718247
iqm_garnet,two_qutrit,sup023_P021_ph012,standard,3,readout_unconditional,3.2872766210599846,0.1131719310958446,3.071429163085106,3.516106553037211
iqm_garnet,two_qutrit,sup023_P021_ph012,standard,5,readout_unconditional,0.5861583001597046,0.10005041692795966,0.390497943800256,0.7819295838956101
iqm_garnet,two_qutrit,sup023_P021_ph012,standard,1,readout_conditional,5.050948201512162,0.08927300562392358,4.876546439250676,5.2176961448720025
iqm_garnet,two_qutrit,sup023_P021_ph012,standard,3,readout_conditional,4.030756624736299,0.1356778221090298,3.769786910170965,4.302438433280785
iqm_garnet,two_qutrit,sup023_P021_ph012,standard,5,readout_conditional,0.8834414467042768,0.15318805283718578,0.5808172169184082,1.1815046504362015
iqm_garnet,two_qutrit,sup023_P021_ph012,optimal,1,raw_unconditional,4.430347572118673,0.07176146866396887,4.289245662092648,4.569996685219622
iqm_garnet,two_qutrit,sup023_P021_ph012,optimal,3,raw_unconditional,3.1558242790159374,0.10098932120645086,2.9504066974692824,3.349368957274675
iqm_garnet,two_qutrit,sup023_P021_ph012,optimal,5,raw_unconditional,0.6192664386325621,0.09191686997362603,0.4316950593135156,0.7968952914725947
iqm_garnet,two_qutrit,sup023_P021_ph012,optimal,1,raw_conditional,4.850399777462911,0.07671157987940722,4.697458580038545,5.00154339135672
iqm_garnet,two_qutrit,sup023_P021_ph012,optimal,3,raw_conditional,3.7216072989022866,0.11630463324648616,3.4844424078404015,3.9447168876151455
iqm_garnet,two_qutrit,sup023_P021_ph012,optimal,5,raw_conditional,0.870818135486769,0.12844077164494505,0.6103422590374783,1.1221191745041814
iqm_garnet,two_qutrit,sup023_P021_ph012,optimal,1,readout_unconditional,4.704803528370058,0.08071114104610728,4.545709606156964,4.865954537141509
iqm_garnet,two_qutrit,sup023_P021_ph012,optimal,3,readout_unconditional,3.392511377018789,0.11331640863868928,3.161921065412848,3.619693189722635
iqm_garnet,two_qutrit,sup023_P021_ph012,optimal,5,readout_unconditional,0.694618280868164,0.10240780044325626,0.4874649019846859,0.8929597367361743
iqm_garnet,two_qutrit,sup023_P021_ph012,optimal,1,readout_conditional,5.1463093188477815,0.08600890066810388,4.97534217721079,5.317226344427343
iqm_garnet,two_qutrit,sup023_P021_ph012,optimal,3,readout_conditional,3.9954942103147246,0.12996982581026004,3.7345303252757107,4.253721348463091
iqm_garnet,two_qutrit,sup023_P021_ph012,optimal,5,readout_conditional,0.985009975659199,0.14427721326585788,0.6937580473953247,1.2669487542529607
iqm_garnet,two_qutrit,sup023_P021_ph020,standard,1,raw_unconditional,4.282390636589186,0.0756350300168885,4.137171195555894,4.430228490350347
iqm_garnet,two_qutrit,sup023_P021_ph020,standard,3,raw_unconditional,2.718855025526836,0.10232321169395558,2.512190740484439,2.913019366798361
iqm_garnet,two_qutrit,sup023_P021_ph020,standard,5,raw_unconditional,0.6069756198675357,0.08981754407841788,0.42856071474889623,0.7821465348183761
iqm_garnet,two_qutrit,sup023_P021_ph020,standard,1,raw_conditional,4.740064756447539,0.08244891140020703,4.572626411367358,4.899559119203687
iqm_garnet,two_qutrit,sup023_P021_ph020,standard,3,raw_conditional,3.389156841454514,0.1237498912336537,3.1383773562123563,3.618797938817533
iqm_garnet,two_qutrit,sup023_P021_ph020,standard,5,raw_conditional,0.9032602302740735,0.13400312437392464,0.6428898803308605,1.163537300967443
iqm_garnet,two_qutrit,sup023_P021_ph020,standard,1,readout_unconditional,4.544845385625853,0.08521629065174517,4.379104996499515,4.712345225465319
iqm_garnet,two_qutrit,sup023_P021_ph020,standard,3,readout_unconditional,2.9170691379786358,0.11281753908636728,2.6932763488172102,3.138127130050901
iqm_garnet,two_qutrit,sup023_P021_ph020,standard,5,readout_unconditional,0.6729456878305308,0.09987396361130911,0.4780835890851157,0.8691369693365452
iqm_garnet,two_qutrit,sup023_P021_ph020,standard,1,readout_conditional,5.0285723850683866,0.09266827458535186,4.844476593315966,5.211337821032888
iqm_garnet,two_qutrit,sup023_P021_ph020,standard,3,readout_conditional,3.642802848987176,0.13643428218481624,3.371198944928012,3.904292893312825
iqm_garnet,two_qutrit,sup023_P021_ph020,standard,5,readout_conditional,1.0148599228036856,0.1510825721254366,0.7262253378773379,1.313878620788036
iqm_garnet,two_qutrit,sup023_P021_ph020,optimal,1,raw_unconditional,4.376624626376812,0.07412413850155253,4.231186279826825,4.523988379297147
iqm_garnet,two_qutrit,sup023_P021_ph020,optimal,3,raw_unconditional,3.3021167440282446,0.10617718336022365,3.090173896654475,3.498453427042107
iqm_garnet,two_qutrit,sup023_P021_ph020,optimal,5,raw_unconditional,0.49625825894799613,0.0933275208990782,0.31472069074418696,0.6844066683903802
iqm_garnet,two_qutrit,sup023_P021_ph020,optimal,1,raw_conditional,4.76640228335935,0.07892005268943499,4.612223242454419,4.922063191885391
iqm_garnet,two_qutrit,sup023_P021_ph020,optimal,3,raw_conditional,3.8265744281131724,0.12157910528093188,3.5863924489296313,4.049074842987596
iqm_garnet,two_qutrit,sup023_P021_ph020,optimal,5,raw_conditional,0.6883465955324211,0.1283584341344128,0.44052273473541875,0.9466371839996399
iqm_garnet,two_qutrit,sup023_P021_ph020,optimal,1,readout_unconditional,4.651270570186328,0.08461401298994754,4.487072778584622,4.817359278485092
iqm_garnet,two_qutrit,sup023_P021_ph020,optimal,3,readout_unconditional,3.557468009774851,0.1187844658798629,3.321597601198485,3.789646577407371
iqm_garnet,two_qutrit,sup023_P021_ph020,optimal,5,readout_unconditional,0.5710042806552897,0.10348561505498587,0.37248800564665313,0.7781497675999354
iqm_garnet,two_qutrit,sup023_P021_ph020,optimal,1,readout_conditional,5.059735740181591,0.08971411582144256,4.88213647821921,5.236268798881756
iqm_garnet,two_qutrit,sup023_P021_ph020,optimal,3,readout_conditional,4.111999314472536,0.13527782508256403,3.8453453538603113,4.375466589537373
iqm_garnet,two_qutrit,sup023_P021_ph020,optimal,5,readout_conditional,0.7976654819329261,0.14316630978876302,0.5228128555296989,1.082703840832344
iqm_garnet,ghz3,canonical_ez,standard,1,raw_unconditional,3.5262037690826644,0.09840102375264069,3.3247480248839443,3.719055537473847
iqm_garnet,ghz3,canonical_ez,standard,3,raw_unconditional,1.1303647312009955,0.09061961581114888,0.9550895278560289,1.29976793166837
iqm_garnet,ghz3,canonical_ez,standard,5,raw_unconditional,0.6251293889351988,0.08389701995576904,0.4599533687989922,0.7870763792748889
iqm_garnet,ghz3,canonical_ez,standard,1,raw_conditional,3.866292467553302,0.106366403675078,3.644069734782179,4.0704611115666225
iqm_garnet,ghz3,canonical_ez,standard,3,raw_conditional,1.4738097637251117,0.1177134674308733,1.2467539366107425,1.7020678166639969
iqm_garnet,ghz3,canonical_ez,standard,5,raw_conditional,0.883754877943603,0.11853113328191038,0.647210597368658,1.109787309607809
iqm_garnet,ghz3,canonical_ez,standard,1,readout_unconditional,3.93582801081942,0.11638840512625112,3.6977817685893317,4.163937832861784
iqm_garnet,ghz3,canonical_ez,standard,3,readout_unconditional,1.2361844915607962,0.10011781448923063,1.0425723171374424,1.428704871780252
iqm_garnet,ghz3,canonical_ez,standard,5,readout_unconditional,0.6866493598327228,0.09315708112145554,0.5014412743744145,0.8677333861885674
iqm_garnet,ghz3,canonical_ez,standard,1,readout_conditional,4.266326595976668,0.12282303077738983,4.016939202338567,4.5070250322951235
iqm_garnet,ghz3,canonical_ez,standard,3,readout_conditional,1.619587922905906,0.13074037793685364,1.3650679141390423,1.8692440398515877
iqm_garnet,ghz3,canonical_ez,standard,5,readout_conditional,0.9767303097367254,0.13231292320960542,0.7119789165773952,1.2302773654165429
iqm_garnet,ghz3,canonical_ez,optimal,1,raw_unconditional,3.5469625492292787,0.09484597803120197,3.3574823767538255,3.730333573506912
iqm_garnet,ghz3,canonical_ez,optimal,3,raw_unconditional,1.4304533723711401,0.09425714186695652,1.2434117448410935,1.6134463762156408
iqm_garnet,ghz3,canonical_ez,optimal,5,raw_unconditional,0.7562156033057897,0.08841917278173299,0.5818189822863817,0.9296641771896181
iqm_garnet,ghz3,canonical_ez,optimal,1,raw_conditional,3.9144415218222233,0.1032163531795801,3.711359998914342,4.107208042173724
iqm_garnet,ghz3,canonical_ez,optimal,3,raw_conditional,1.7884673110757758,0.1172030629685164,1.559035170414063,2.0124094049419035
iqm_garnet,ghz3,canonical_ez,optimal,5,raw_conditional,0.986714816680118,0.1164736372172704,0.7578776421072073,1.2143273463006918
iqm_garnet,ghz3,canonical_ez,optimal,1,readout_unconditional,4.008297179796307,0.11638791577374528,3.7845239702305733,4.232987709050425
iqm_garnet,ghz3,canonical_ez,optimal,3,readout_unconditional,1.5975353700463768,0.10618274745645968,1.3882623880777927,1.8046599373475025
iqm_garnet,ghz3,canonical_ez,optimal,5,readout_unconditional,0.8384228031065823,0.0997263329640321,0.6439884084400261,1.0386309830461535
iqm_garnet,ghz3,canonical_ez,optimal,1,readout_conditional,4.368705805539768,0.12300413545860955,4.130567448517649,4.600477619985305
iqm_garnet,ghz3,canonical_ez,optimal,3,readout_conditional,1.995376233238993,0.13172861630422414,1.7362830739675228,2.250369059427213
iqm_garnet,ghz3,canonical_ez,optimal,5,readout_conditional,1.089478321183717,0.13092092287471377,0.8322478696132818,1.3465123162750157
iqm_garnet,ghz3,sup023_P021_ph001,standard,1,raw_unconditional,3.1855736726924895,0.09424987760476403,3.00134947076082,3.3636559575462823
iqm_garnet,ghz3,sup023_P021_ph001,standard,3,raw_unconditional,1.3180326256730062,0.0879907845280235,1.150955646857964,1.492568134157873
iqm_garnet,ghz3,sup023_P021_ph001,standard,5,raw_unconditional,0.5772169480224236,0.08610227419856414,0.4068958372147269,0.7466225968653672
iqm_garnet,ghz3,sup023_P021_ph001,standard,1,raw_conditional,3.8600857104085136,0.11183787711997964,3.634129874301206,4.070457257355318
iqm_garnet,ghz3,sup023_P021_ph001,standard,3,raw_conditional,1.7593910417456387,0.11743530970877089,1.5339818275805726,1.9870307825462319
iqm_garnet,ghz3,sup023_P021_ph001,standard,5,raw_conditional,0.8099726693942514,0.12271487245619869,0.5690829716533401,1.0493902210360249
iqm_garnet,ghz3,sup023_P021_ph001,standard,1,readout_unconditional,3.6781817091243374,0.12014091927244405,3.4429082901170194,3.907911736741882
iqm_garnet,ghz3,sup023_P021_ph001,standard,3,readout_unconditional,1.5007178805778887,0.10187882054674069,1.3080293372796,1.7041916922256446
iqm_garnet,ghz3,sup023_P021_ph001,standard,5,readout_unconditional,0.6503400955625918,0.09835510974686086,0.45210726428510917,0.8431621515723176
iqm_garnet,ghz3,sup023_P021_ph001,standard,1,readout_conditional,4.41420457465008,0.13980830465478386,4.135622663164707,4.669970915409124
iqm_garnet,ghz3,sup023_P021_ph001,standard,3,readout_conditional,2.0036250187953564,0.1362835256955086,1.7434903015490963,2.2729227931031715
iqm_garnet,ghz3,sup023_P021_ph001,standard,5,readout_conditional,0.9185234963825886,0.14120678267279577,0.6385018047444518,1.1975920353581477
iqm_garnet,ghz3,sup023_P021_ph001,optimal,1,raw_unconditional,3.199804719554593,0.095321876473329,3.0101724355835935,3.3829496607263225
iqm_garnet,ghz3,sup023_P021_ph001,optimal,3,raw_unconditional,1.1993615786452543,0.0886810084428537,1.0242135942777228,1.3746791543027146
iqm_garnet,ghz3,sup023_P021_ph001,optimal,5,raw_unconditional,0.8368444139517717,0.08808153565311772,0.6706014197279413,1.007299628135487
iqm_garnet,ghz3,sup023_P021_ph001,optimal,1,raw_conditional,3.797854749104876,0.11107944693535203,3.580118448337886,4.02098477364356
iqm_garnet,ghz3,sup023_P021_ph001,optimal,3,raw_conditional,1.6001952873586553,0.11899664929036086,1.3647433147031212,1.831712627157465
iqm_garnet,ghz3,sup023_P021_ph001,optimal,5,raw_conditional,1.1612072888783815,0.12398540408724101,0.9258023720440289,1.4004829371764869
iqm_garnet,ghz3,sup023_P021_ph001,optimal,1,readout_unconditional,3.7099524793098055,0.12322297689201951,3.46851406162278,3.9560984520773856
iqm_garnet,ghz3,sup023_P021_ph001,optimal,3,readout_unconditional,1.3497458295275842,0.10152027628574363,1.1493359170119615,1.5539412482451822
iqm_garnet,ghz3,sup023_P021_ph001,optimal,5,readout_unconditional,0.93997748909745,0.10051247118699659,0.753490268019331,1.1384326101731819
iqm_garnet,ghz3,sup023_P021_ph001,optimal,1,readout_conditional,4.352472318697649,0.139782362796056,4.07858327431863,4.639802681348506
iqm_garnet,ghz3,sup023_P021_ph001,optimal,3,readout_conditional,1.803611124199581,0.1366107248029632,1.5284187371297666,2.0745921835943806
iqm_garnet,ghz3,sup023_P021_ph001,optimal,5,readout_conditional,1.310528589355845,0.14269718471209633,1.040433894174438,1.5879149841345255
iqm_garnet,ghz3,sup023_P021_ph011,standard,1,raw_unconditional,3.122668113782197,0.09261174018141324,2.9368650713504025,3.303584579002951
iqm_garnet,ghz3,sup023_P021_ph011,standard,3,raw_unconditional,1.0408459459286044,0.08479833936917656,0.8753950761369038,1.20352218763878
iqm_garnet,ghz3,sup023_P021_ph011,standard,5,raw_unconditional,0.5343004953297661,0.08106491099283487,0.3778014913440867,0.703718669430058
iqm_garnet,ghz3,sup023_P021_ph011,standard,1,raw_conditional,3.781745338309376,0.10873420316315151,3.567400457036632,3.993701009984005
iqm_garnet,ghz3,sup023_P021_ph011,standard,3,raw_conditional,1.5044099327256424,0.12170559436798258,1.271682692312104,1.7400947807512859
iqm_garnet,ghz3,sup023_P021_ph011,standard,5,raw_conditional,0.8639098279872566,0.13166729712142672,0.6153657957779526,1.1397998944034906
iqm_garnet,ghz3,sup023_P021_ph011,standard,1,readout_unconditional,3.626010411543244,0.11900179873000533,3.3965762478527237,3.8638172565158344
iqm_garnet,ghz3,sup023_P021_ph011,standard,3,readout_unconditional,1.1827787598540855,0.09719322145499436,0.9919672333973761,1.369604010920871
iqm_garnet,ghz3,sup023_P021_ph011,standard,5,readout_unconditional,0.5994415592638448,0.09246819358742926,0.4227676732084197,0.7920140577066234
iqm_garnet,ghz3,sup023_P021_ph011,standard,1,readout_conditional,4.348264740311385,0.13676812056537527,4.081669333510094,4.623081363479471
iqm_garnet,ghz3,sup023_P021_ph011,standard,3,readout_conditional,1.7256941604951548,0.14092543019474593,1.4561586675793654,1.9974294661108207
iqm_garnet,ghz3,sup023_P021_ph011,standard,5,readout_conditional,0.9877319714224864,0.15316459588313008,0.6960173565416005,1.312122218862616
iqm_garnet,ghz3,sup023_P021_ph011,optimal,1,raw_unconditional,3.0415859774235448,0.09389091587518326,2.860465596220533,3.2237142735003275
iqm_garnet,ghz3,sup023_P021_ph011,optimal,3,raw_unconditional,0.9626436769352148,0.08551575775426845,0.8005622608657248,1.1312827764651474
iqm_garnet,ghz3,sup023_P021_ph011,optimal,5,raw_unconditional,0.3718469348204258,0.07760800078041455,0.21934447301468754,0.5230381253417477
iqm_garnet,ghz3,sup023_P021_ph011,optimal,1,raw_conditional,3.7888349652501243,0.11250218662102346,3.5719109101814044,3.9977847320600914
iqm_garnet,ghz3,sup023_P021_ph011,optimal,3,raw_conditional,1.4486543906951628,0.12677061389667826,1.205957275064223,1.6969495914613428
iqm_garnet,ghz3,sup023_P021_ph011,optimal,5,raw_conditional,0.6056702317470232,0.12870694525732396,0.3494060810060908,0.8487443702713753
iqm_garnet,ghz3,sup023_P021_ph011,optimal,1,readout_unconditional,3.514728477795755,0.11998263937273372,3.2920619319764155,3.7477766430687502
iqm_garnet,ghz3,sup023_P021_ph011,optimal,3,readout_unconditional,1.0932381566892766,0.09729282659917969,0.9105088456984601,1.2845177764938795
iqm_garnet,ghz3,sup023_P021_ph011,optimal,5,readout_unconditional,0.4227940337639837,0.08802198666221493,0.25183282998902695,0.5937583824392237
iqm_garnet,ghz3,sup023_P021_ph011,optimal,1,readout_conditional,4.344226274769786,0.14150531047169235,4.071185243886051,4.62189420675354
iqm_garnet,ghz3,sup023_P021_ph011,optimal,3,readout_conditional,1.6666832115207328,0.14603093814191287,1.3868267500207474,1.9526148803622725
iqm_garnet,ghz3,sup023_P021_ph011,optimal,5,readout_conditional,0.7037676092458363,0.1496954156383398,0.412996678487631,0.993542623302672
iqm_garnet,ghz3,sup023_P021_ph021,standard,1,raw_unconditional,2.9428321335091674,0.09516453794877447,2.7512903865019718,3.118692407966821
iqm_garnet,ghz3,sup023_P021_ph021,standard,3,raw_unconditional,1.1155813950976874,0.08555814397025024,0.9453401576062769,1.2910124018535873
iqm_garnet,ghz3,sup023_P021_ph021,standard,5,raw_unconditional,0.40804197921508106,0.08121981182553988,0.259892634744264,0.5665157297807253
iqm_garnet,ghz3,sup023_P021_ph021,standard,1,raw_conditional,3.4914571921527533,0.1107512480773484,3.2662388201391757,3.6948891395087236
iqm_garnet,ghz3,sup023_P021_ph021,standard,3,raw_conditional,1.608279086825103,0.12342720982428469,1.3606426046106437,1.8580892249150225
iqm_garnet,ghz3,sup023_P021_ph021,standard,5,raw_conditional,0.5927299717506372,0.12202873304672725,0.3678263953181159,0.8321227295924187
iqm_garnet,ghz3,sup023_P021_ph021,standard,1,readout_unconditional,3.4199072971032773,0.11846375999323641,3.1873277838111482,3.640162334627672
iqm_garnet,ghz3,sup023_P021_ph021,standard,3,readout_unconditional,1.258108714009773,0.09788136848881517,1.0661832778949045,1.4503989974893572
iqm_garnet,ghz3,sup023_P021_ph021,standard,5,readout_unconditional,0.4534945995841801,0.09170333170226677,0.2857202090156887,0.6319890105071394
iqm_garnet,ghz3,sup023_P021_ph021,standard,1,readout_conditional,4.01210038202585,0.1347378176166891,3.7492781036591105,4.267710493567833
iqm_garnet,ghz3,sup023_P021_ph021,standard,3,readout_conditional,1.8293171210816412,0.1427902343933072,1.5471679602391886,2.108347334614623
iqm_garnet,ghz3,sup023_P021_ph021,standard,5,readout_conditional,0.6654409238391176,0.13975389705168087,0.40645708670206604,0.9401665019025505
iqm_garnet,ghz3,sup023_P021_ph021,optimal,1,raw_unconditional,3.143560520675184,0.09602117161863641,2.9608089181854185,3.332922410365739
iqm_garnet,ghz3,sup023_P021_ph021,optimal,3,raw_unconditional,1.4970312809563726,0.08975669019448429,1.3075560052320574,1.6675627634900398
iqm_garnet,ghz3,sup023_P021_ph021,optimal,5,raw_unconditional,0.7077796089510782,0.08281301383130518,0.5472207316355773,0.8715243066035201
iqm_garnet,ghz3,sup023_P021_ph021,optimal,1,raw_conditional,3.7588391472937266,0.11193310301096235,3.542333365659591,3.975526819328765
iqm_garnet,ghz3,sup023_P021_ph021,optimal,3,raw_conditional,1.9637594827488123,0.11866583179128838,1.7189017959126225,2.1978223288594836
iqm_garnet,ghz3,sup023_P021_ph021,optimal,5,raw_conditional,0.9984916191491456,0.11977867684978244,0.7671144419547768,1.2378729155509598
iqm_garnet,ghz3,sup023_P021_ph021,optimal,1,readout_unconditional,3.6394850098710707,0.12178021885985224,3.4095385463582,3.8853326585697516
iqm_garnet,ghz3,sup023_P021_ph021,optimal,3,readout_unconditional,1.687619725167549,0.1028544652079294,1.4744959967417106,1.8894461444028905
iqm_garnet,ghz3,sup023_P021_ph021,optimal,5,readout_unconditional,0.8003776739133454,0.09390097856100843,0.6213284845854622,0.989587532010868
iqm_garnet,ghz3,sup023_P021_ph021,optimal,1,readout_conditional,4.305279110216302,0.1382981235233082,4.036887344373597,4.577555427421088
iqm_garnet,ghz3,sup023_P021_ph021,optimal,3,readout_conditional,2.214294458848495,0.13603882474155474,1.9325162933837674,2.482173994450439
iqm_garnet,ghz3,sup023_P021_ph021,optimal,5,readout_conditional,1.13586034906412,0.13711684833254614,0.875015481406335,1.4065704686795122
iqm_garnet,ame43,canonical_ez,standard,1,raw_unconditional,3.263028098045165,0.07838720446226899,3.1147677932684417,3.4173464149078785
iqm_garnet,ame43,canonical_ez,standard,3,raw_unconditional,0.3468456692640217,0.06494429663401828,0.22408730370368538,0.4786062820882096
iqm_garnet,ame43,canonical_ez,standard,5,raw_unconditional,-0.03511098208609086,0.06030683711020074,-0.14980339863952835,0.07923267615957905
iqm_garnet,ame43,canonical_ez,standard,1,raw_conditional,4.0068338356569075,0.0941672126309987,3.824851268271072,4.1894884595608834
iqm_garnet,ame43,canonical_ez,standard,3,raw_conditional,0.5792452279559852,0.10970491915438045,0.3711889299800667,0.803205065945767
iqm_garnet,ame43,canonical_ez,standard,5,raw_conditional,-0.052520425873487854,0.1075775260268002,-0.259245933263935,0.14849089043346478
iqm_garnet,ame43,canonical_ez,standard,1,readout_unconditional,3.685378064242211,0.0926053369430991,3.5113809986166973,3.86576024646038
iqm_garnet,ame43,canonical_ez,standard,3,readout_unconditional,0.3901729468831461,0.07391390447571755,0.2506075201275837,0.5412937052348183
iqm_garnet,ame43,canonical_ez,standard,5,readout_unconditional,-0.03523003927196734,0.06898011756259696,-0.1691830196114197,0.09443053904236998
iqm_garnet,ame43,canonical_ez,standard,1,readout_conditional,4.480360502022908,0.10919704473736913,4.271417906126204,4.693181206991186
iqm_garnet,ame43,canonical_ez,standard,3,readout_conditional,0.6611593953512789,0.12690986762599185,0.4222335312989004,0.9180467416409731
iqm_garnet,ame43,canonical_ez,standard,5,readout_conditional,-0.05148231599737251,0.12360394261175604,-0.2888214628875948,0.1790118913935585
iqm_garnet,ame43,canonical_ez,optimal,1,raw_unconditional,3.4208723219045662,0.07924225046811609,3.266833804072384,3.5722128796903814
iqm_garnet,ame43,canonical_ez,optimal,3,raw_unconditional,0.5063297600667461,0.06611678397826791,0.37573197889952664,0.6360607830326829
iqm_garnet,ame43,canonical_ez,optimal,5,raw_unconditional,-0.0032401352521081485,0.06295730034432899,-0.1314033056697672,0.11622696831918194
iqm_garnet,ame43,canonical_ez,optimal,1,raw_conditional,4.177343549168489,0.09364154687253444,3.987402070113694,4.361118222625445
iqm_garnet,ame43,canonical_ez,optimal,3,raw_conditional,0.8127778846223754,0.10839277251836554,0.5987880904451057,1.018876890645651
iqm_garnet,ame43,canonical_ez,optimal,5,raw_conditional,-0.020024744931422377,0.10978697974554362,-0.24656306238078052,0.1865341338438775
iqm_garnet,ame43,canonical_ez,optimal,1,readout_unconditional,3.864260656703661,0.0948659868032811,3.683516281296742,4.053047627871109
iqm_garnet,ame43,canonical_ez,optimal,3,readout_unconditional,0.5716193880908703,0.07505622598425793,0.42328255911537915,0.7156691617472017
iqm_garnet,ame43,canonical_ez,optimal,5,readout_unconditional,-0.001978922009699253,0.07210894476644593,-0.1497018344378601,0.13639281017737712
iqm_garnet,ame43,canonical_ez,optimal,1,readout_conditional,4.667650806992004,0.10960091176464434,4.45237288184419,4.890790583789085
iqm_garnet,ame43,canonical_ez,optimal,3,readout_conditional,0.9301640198165542,0.12494956196351621,0.6814805275918827,1.1712817831480247
iqm_garnet,ame43,canonical_ez,optimal,5,readout_conditional,-0.021273862681632137,0.1261194187724974,-0.2825640677464588,0.21517300688614194
iqm_garnet,ame43,sup012_P210_ph002,standard,1,raw_unconditional,2.7731929013805576,0.10762200682848197,2.5557493965950377,2.9887868331837404
iqm_garnet,ame43,sup012_P210_ph002,standard,3,raw_unconditional,0.07364810649662594,0.09188372609495567,-0.1083526531459608,0.25059553077920904
iqm_garnet,ame43,sup012_P210_ph002,standard,5,raw_unconditional,0.196585899808702,0.09085838617663711,0.01971579089716511,0.36824329354764207
iqm_garnet,ame43,sup012_P210_ph002,standard,1,raw_conditional,3.563466196398482,0.13403235883088233,3.2936722842708774,3.8220277116059314
iqm_garnet,ame43,sup012_P210_ph002,standard,3,raw_conditional,0.12285237770339812,0.15277394061294058,-0.18185725155691362,0.4141344739055697
iqm_garnet,ame43,sup012_P210_ph002,standard,5,raw_conditional,0.3359943467450725,0.15900328422621834,0.02825473668781435,0.6395647482308164
iqm_garnet,ame43,sup012_P210_ph002,standard,1,readout_unconditional,3.166656675205087,0.12774605486344356,2.920821034978806,3.4310475485733907
iqm_garnet,ame43,sup012_P210_ph002,standard,3,readout_unconditional,0.08924726602774817,0.1058432979048829,-0.12066690913497691,0.2900326647650982
iqm_garnet,ame43,sup012_P210_ph002,standard,5,readout_unconditional,0.22031863507663532,0.10588697139886875,0.010035251105775205,0.4240585255675527
iqm_garnet,ame43,sup012_P210_ph002,standard,1,readout_conditional,4.025415905146198,0.15694976355811585,3.715055607245381,4.341359247437067
iqm_garnet,ame43,sup012_P210_ph002,standard,3,readout_conditional,0.14972680593481488,0.17910597968899908,-0.20702873667601399,0.48362026325005836
iqm_garnet,ame43,sup012_P210_ph002,standard,5,readout_conditional,0.3781835543619388,0.1861934675246624,0.01871973743533808,0.7321188649548557
iqm_garnet,ame43,sup012_P210_ph002,optimal,1,raw_unconditional,2.545048156021294,0.10565120652757375,2.3426727651126127,2.7500734020164725
iqm_garnet,ame43,sup012_P210_ph002,optimal,3,raw_unconditional,0.04011886996875268,0.09007855938787504,-0.1415764616543213,0.21538898064430745
iqm_garnet,ame43,sup012_P210_ph002,optimal,5,raw_unconditional,0.0027260628155163884,0.08963148707384994,-0.17604170853388604,0.16937481469795845
iqm_garnet,ame43,sup012_P210_ph002,optimal,1,raw_conditional,3.245528688496037,0.13286907664798525,2.9837356941066697,3.5061647251851817
iqm_garnet,ame43,sup012_P210_ph002,optimal,3,raw_conditional,0.07183610464857143,0.15223919300057057,-0.2307246178369767,0.3699765329871214
iqm_garnet,ame43,sup012_P210_ph002,optimal,5,raw_conditional,0.0024153383175939194,0.15681406538893428,-0.30945902512013806,0.29175043991977745
iqm_garnet,ame43,sup012_P210_ph002,optimal,1,readout_unconditional,2.911573631512348,0.12505573273380488,2.6611275710184117,3.150488409058021
iqm_garnet,ame43,sup012_P210_ph002,optimal,3,readout_unconditional,0.060083571481699974,0.10391579498102735,-0.14544761541534884,0.2651711043546994
iqm_garnet,ame43,sup012_P210_ph002,optimal,5,readout_unconditional,0.008283229011552602,0.10410198013034064,-0.20271160291153786,0.2033908914006317
iqm_garnet,ame43,sup012_P210_ph002,optimal,1,readout_conditional,3.670795153925933,0.155156632663969,3.3586723378596197,3.975309328415849
iqm_garnet,ame43,sup012_P210_ph002,optimal,3,readout_conditional,0.10748663487731212,0.1787166144830697,-0.243422728944938,0.4641570868016075
iqm_garnet,ame43,sup012_P210_ph002,optimal,5,readout_conditional,0.011500471511926347,0.18291822308860087,-0.3575074331157153,0.3504843634435152
iqm_garnet,ame43,sup023_P021_ph000,standard,1,raw_unconditional,2.3558422832249217,0.10412117467903206,2.1554364484444832,2.5606590002580814
iqm_garnet,ame43,sup023_P021_ph000,standard,3,raw_unconditional,-0.12239903428300838,0.07521757145912557,-0.26862434348316677,0.020968896602038555
iqm_garnet,ame43,sup023_P021_ph000,standard,5,raw_unconditional,0.06591992136080455,0.07345829323883381,-0.0793145767806373,0.21137088819522393
iqm_garnet,ame43,sup023_P021_ph000,standard,1,raw_conditional,3.4471376816884898,0.14895080368778849,3.1630538761808227,3.7491075553209505
iqm_garnet,ame43,sup023_P021_ph000,standard,3,raw_conditional,-0.29007895015095503,0.1697245087996524,-0.6251980232731429,0.035250574812683254
iqm_garnet,ame43,sup023_P021_ph000,standard,5,raw_conditional,0.1559719041348134,0.18915657589989507,-0.21922894380098207,0.5281779741692133
iqm_garnet,ame43,sup023_P021_ph000,standard,1,readout_unconditional,2.7272972628606866,0.1258235159583758,2.4852082549002934,2.977648991888977
iqm_garnet,ame43,sup023_P021_ph000,standard,3,readout_unconditional,-0.143576824967103,0.0861103476633516,-0.3130252017139583,0.01615323385712254
iqm_garnet,ame43,sup023_P021_ph000,standard,5,readout_unconditional,0.06939590107009919,0.0830010228927576,-0.09782428596704805,0.23366296108675735
iqm_garnet,ame43,sup023_P021_ph000,standard,1,readout_conditional,3.9673321773754457,0.17896856686991702,3.636436109209114,4.32145416436974
iqm_garnet,ame43,sup023_P021_ph000,standard,3,readout_conditional,-0.34769514481008323,0.19846846170061885,-0.7379550975061351,0.026211720069927672
iqm_garnet,ame43,sup023_P021_ph000,standard,5,readout_conditional,0.1653345124878543,0.21799865060373033,-0.2644857721309849,0.5925320414717465
iqm_garnet,ame43,sup023_P021_ph000,optimal,1,raw_unconditional,2.565010319813505,0.10272505142358788,2.3626298352309796,2.7681837434281062
iqm_garnet,ame43,sup023_P021_ph000,optimal,3,raw_unconditional,0.08346741063389487,0.07508680368893843,-0.059455114049838276,0.2302258679949619
iqm_garnet,ame43,sup023_P021_ph000,optimal,5,raw_unconditional,-0.10998067483340476,0.06803177976517494,-0.24470466187074877,0.024658111145353975
iqm_garnet,ame43,sup023_P021_ph000,optimal,1,raw_conditional,3.8487527113541056,0.14771435034973687,3.551734890816389,4.1390518449361995
iqm_garnet,ame43,sup023_P021_ph000,optimal,3,raw_conditional,0.19458130113095282,0.18123386911089703,-0.1511067962850592,0.553136472535713
iqm_garnet,ame43,sup023_P021_ph000,optimal,5,raw_conditional,-0.3122267600808499,0.18900796715867885,-0.6813989488943393,0.06055315487756337
iqm_garnet,ame43,sup023_P021_ph000,optimal,1,readout_unconditional,2.985633934836475,0.1263959502845825,2.7372809884682354,3.2313969456504794
iqm_garnet,ame43,sup023_P021_ph000,optimal,3,readout_unconditional,0.09329620882734062,0.08597552518028248,-0.07126597135327235,0.26149746826834436
iqm_garnet,ame43,sup023_P021_ph000,optimal,5,readout_unconditional,-0.1308448305630321,0.07715529271486632,-0.28225980258174105,0.022434241792494106
iqm_garnet,ame43,sup023_P021_ph000,optimal,1,readout_conditional,4.457702653648308,0.18129426474835286,4.1106686692054275,4.825317751556559
iqm_garnet,ame43,sup023_P021_ph000,optimal,3,readout_conditional,0.2237457723884499,0.2126980590018526,-0.18557550287045227,0.6438265168845363
iqm_garnet,ame43,sup023_P021_ph000,optimal,5,readout_conditional,-0.37887873587745957,0.21939910447285774,-0.8060178088112604,0.0547901396504392
iqm_garnet,ame43,sup023_P021_ph011,standard,1,raw_unconditional,2.6899141350285047,0.10309861120301389,2.4937730434351444,2.894909662824801
iqm_garnet,ame43,sup023_P021_ph011,standard,3,raw_unconditional,0.02935736497839611,0.076650488191034,-0.11938329729283781,0.1785046244428774
iqm_garnet,ame43,sup023_P021_ph011,standard,5,raw_unconditional,0.05045837401061767,0.07017457273847355,-0.08173935446370256,0.19100312440424366
iqm_garnet,ame43,sup023_P021_ph011,standard,1,raw_conditional,3.9506445934433216,0.14488242441061017,3.680830003054126,4.235725737437485
iqm_garnet,ame43,sup023_P021_ph011,standard,3,raw_conditional,0.06884593181509581,0.17544933849207683,-0.27011453603213537,0.410394045994141
iqm_garnet,ame43,sup023_P021_ph011,standard,5,raw_conditional,0.18411211980451792,0.1980969233938915,-0.18819874133469167,0.5852874457489795
iqm_garnet,ame43,sup023_P021_ph011,standard,1,readout_unconditional,3.097045628548215,0.12387817767897245,2.8628856302061005,3.342943221110093
iqm_garnet,ame43,sup023_P021_ph011,standard,3,readout_unconditional,0.04108983031756341,0.08734296814211498,-0.12941104555407815,0.21138463461468562
iqm_garnet,ame43,sup023_P021_ph011,standard,5,readout_unconditional,0.06045683891425381,0.07983947313488389,-0.09286271049743111,0.2221857129679472
iqm_garnet,ame43,sup023_P021_ph011,standard,1,readout_conditional,4.525466238217757,0.17334108006274324,4.203803584622044,4.8714021682605155
iqm_garnet,ame43,sup023_P021_ph011,standard,3,readout_conditional,0.09654601823678735,0.20434733925155318,-0.29946647910227875,0.48863287542679645
iqm_garnet,ame43,sup023_P021_ph011,standard,5,readout_conditional,0.22085399732483846,0.23068347379245105,-0.20647741867639824,0.6931440640374052
iqm_garnet,ame43,sup023_P021_ph011,optimal,1,raw_unconditional,2.589922453997538,0.10459183057861846,2.3877926033645727,2.7940124893907425
iqm_garnet,ame43,sup023_P021_ph011,optimal,3,raw_unconditional,0.05904061971936932,0.07764548467731568,-0.09003515562086153,0.21249658268928995
iqm_garnet,ame43,sup023_P021_ph011,optimal,5,raw_unconditional,0.03861518856935277,0.07167201362516394,-0.1019787705180263,0.18236184312242085
iqm_garnet,ame43,sup023_P021_ph011,optimal,1,raw_conditional,3.7973634406029824,0.14856307574320474,3.5079305172616824,4.0876702336629736
iqm_garnet,ame43,sup023_P021_ph011,optimal,3,raw_conditional,0.1390050992263429,0.1858452633856536,-0.2085577045257601,0.5117187849318802
iqm_garnet,ame43,sup023_P021_ph011,optimal,5,raw_conditional,0.14340413024059753,0.2026789852642225,-0.25587922042416056,0.5538131204753429
iqm_garnet,ame43,sup023_P021_ph011,optimal,1,readout_unconditional,3.0057350130482527,0.1258746552280002,2.7606187129003072,3.25233564686458
iqm_garnet,ame43,sup023_P021_ph011,optimal,3,readout_unconditional,0.07362027459499924,0.08851361788137743,-0.09754623581203066,0.2523641082143665
iqm_garnet,ame43,sup023_P021_ph011,optimal,5,readout_unconditional,0.04765792852192688,0.08117725565839419,-0.11215411243701198,0.21028216991320806
iqm_garnet,ame43,sup023_P021_ph011,optimal,1,readout_conditional,4.382705183886775,0.177290982624482,4.039103627548405,4.724259408633097
iqm_garnet,ame43,sup023_P021_ph011,optimal,3,readout_conditional,0.17753774805336062,0.21699651637532927,-0.2335340529491017,0.6189250290075963
iqm_garnet,ame43,sup023_P021_ph011,optimal,5,readout_conditional,0.17567863441753137,0.23430381697140631,-0.2824050724317197,0.6558800926629973
ibm_fez,two_qutrit,canonical_ez,standard,1,raw_unconditional,4.266725132816228,0.07461698797156685,4.124155761594565,4.4116445358454035
ibm_fez,two_qutrit,canonical_ez,standard,3,raw_unconditional,2.559821766786821,0.10362663476946651,2.343301452133118,2.75407619318024
ibm_fez,two_qutrit,canonical_ez,standard,5,raw_unconditional,1.3798369568508795,0.09944663862918054,1.1840044406957775,1.574686640449951
ibm_fez,two_qutrit,canonical_ez,standard,1,raw_conditional,4.640148248571774,0.08009718028738942,4.48848795852436,4.794707261830525
ibm_fez,two_qutrit,canonical_ez,standard,3,raw_conditional,3.0715532196118716,0.12345162547202172,2.814442633809646,3.3044153403826195
ibm_fez,two_qutrit,canonical_ez,standard,5,raw_conditional,1.8184001352099746,0.13093250135285356,1.570201915422049,2.0759098463857577
ibm_fez,two_qutrit,canonical_ez,standard,1,readout_unconditional,4.575629318581563,0.0867504586943815,4.4148768723530285,4.745734160478926
ibm_fez,two_qutrit,canonical_ez,standard,3,readout_unconditional,2.64260878713856,0.1087683980457618,2.41668399185921,2.8444736290471995
ibm_fez,two_qutrit,canonical_ez,standard,5,readout_unconditional,1.4347127069411305,0.10385778244880016,1.2309224220829178,1.6370676175317613
ibm_fez,two_qutrit,canonical_ez,standard,1,readout_conditional,4.929899719370061,0.09015353896715408,4.765525195024707,5.108247229842053
ibm_fez,two_qutrit,canonical_ez,standard,3,readout_conditional,3.153909801077086,0.12823903372757617,2.8892948790397037,3.3950882920250387
ibm_fez,two_qutrit,canonical_ez,standard,5,readout_conditional,1.875971607440741,0.13554635502125642,1.612062339925553,2.140018302392253
ibm_fez,two_qutrit,canonical_ez,optimal,1,raw_unconditional,4.155395434388367,0.07351526493468595,4.013076226545658,4.294938248374988
ibm_fez,two_qutrit,canonical_ez,optimal,3,raw_unconditional,2.814358533011094,0.10296282020076787,2.618968492416101,3.01383195699944
ibm_fez,two_qutrit,canonical_ez,optimal,5,raw_unconditional,1.7018955229721477,0.09890370014759586,1.501978321827767,1.8905607016685722
ibm_fez,two_qutrit,canonical_ez,optimal,1,raw_conditional,4.503029620079511,0.07790227076967829,4.354234249383016,4.650600838290559
ibm_fez,two_qutrit,canonical_ez,optimal,3,raw_conditional,3.3319953116329892,0.12036846274206096,3.1006454765989164,3.561808449160975
ibm_fez,two_qutrit,canonical_ez,optimal,5,raw_conditional,2.197055663503729,0.12662983568456107,1.9400231435569146,2.4406811669532957
ibm_fez,two_qutrit,canonical_ez,optimal,1,readout_unconditional,4.467083686514545,0.08450460240489838,4.3046244500248,4.631875876336088
ibm_fez,two_qutrit,canonical_ez,optimal,3,readout_unconditional,2.9070440318913686,0.10827689456475573,2.706475884277026,3.1171953520908033
ibm_fez,two_qutrit,canonical_ez,optimal,5,readout_unconditional,1.7716507489293987,0.10363506961552388,1.565158331145511,1.971516683694091
ibm_fez,two_qutrit,canonical_ez,optimal,1,readout_conditional,4.794794396910151,0.0870433293010093,4.631722253486045,4.964374401922019
ibm_fez,two_qutrit,canonical_ez,optimal,3,readout_conditional,3.42285268429678,0.12521299823235324,3.183773929964918,3.6605234729619958
ibm_fez,two_qutrit,canonical_ez,optimal,5,readout_conditional,2.268049670074895,0.13135089304706393,2.003576209431791,2.51722524587812
ibm_fez,two_qutrit,sup023_P021_ph000,standard,1,raw_unconditional,4.281247142845362,0.072627221812794,4.146968591157707,4.414941258046563
ibm_fez,two_qutrit,sup023_P021_ph000,standard,3,raw_unconditional,3.0134782458834737,0.0998624953147407,2.815364766149262,3.209302985346901
ibm_fez,two_qutrit,sup023_P021_ph000,standard,5,raw_unconditional,2.0231590301151567,0.10292717134241064,1.8243698403787842,2.2175447122875203
ibm_fez,two_qutrit,sup023_P021_ph000,standard,1,raw_conditional,4.731935961869675,0.07881383703957405,4.583974772804081,4.880420633698384
ibm_fez,two_qutrit,sup023_P021_ph000,standard,3,raw_conditional,3.6136772775028163,0.11958072270132646,3.374624342871246,3.856380143201342
ibm_fez,two_qutrit,sup023_P021_ph000,standard,5,raw_conditional,2.612848436403261,0.13143346971370157,2.3594975290379847,2.8680080433665336
ibm_fez,two_qutrit,sup023_P021_ph000,standard,1,readout_unconditional,4.594984440881902,0.0837500017164312,4.440659304317918,4.758643184336328
ibm_fez,two_qutrit,sup023_P021_ph000,standard,3,readout_unconditional,3.1108075123134795,0.10530941005060702,2.8997316526729655,3.320133235947743
ibm_fez,two_qutrit,sup023_P021_ph000,standard,5,readout_unconditional,2.104158945072908,0.10832616994080134,1.8963416692631196,2.3080633561572084
ibm_fez,two_qutrit,sup023_P021_ph000,standard,1,readout_conditional,5.0342492165007675,0.08856501696405712,4.872540758163742,5.208180455395661
ibm_fez,two_qutrit,sup023_P021_ph000,standard,3,readout_conditional,3.7111626064863783,0.12457293925083031,3.47211923539714,3.966506673038645
ibm_fez,two_qutrit,sup023_P021_ph000,standard,5,readout_conditional,2.6956334592569844,0.1369144913143941,2.4336468117944587,2.960080137721994
ibm_fez,two_qutrit,sup023_P021_ph000,optimal,1,raw_unconditional,4.401241828418292,0.07407516882781343,4.255133483232022,4.5504584046435905
ibm_fez,two_qutrit,sup023_P021_ph000,optimal,3,raw_unconditional,3.1606113866354333,0.09968352148832638,2.972818421469907,3.366927320681014
ibm_fez,two_qutrit,sup023_P021_ph000,optimal,5,raw_unconditional,2.0516989543621955,0.10066807688590709,1.8505715876554514,2.2435136826699553
ibm_fez,two_qutrit,sup023_P021_ph000,optimal,1,raw_conditional,4.883229640829377,0.08072472035079645,4.725012720536914,5.044357337666725
ibm_fez,two_qutrit,sup023_P021_ph000,optimal,3,raw_conditional,3.786987519951232,0.11813420051920995,3.561930454546037,4.026868169844752
ibm_fez,two_qutrit,sup023_P021_ph000,optimal,5,raw_conditional,2.6033289995253677,0.12625363056193134,2.3529306090897615,2.8457707885683576
ibm_fez,two_qutrit,sup023_P021_ph000,optimal,1,readout_unconditional,4.727161512836538,0.08636706427969397,4.562578263827026,4.902648059449487
ibm_fez,two_qutrit,sup023_P021_ph000,optimal,3,readout_unconditional,3.26372852280329,0.10536903809140298,3.062090634865637,3.482853943382598
ibm_fez,two_qutrit,sup023_P021_ph000,optimal,5,readout_unconditional,2.1319511507021156,0.10608920931154599,1.9207815297775401,2.336617877671612
ibm_fez,two_qutrit,sup023_P021_ph000,optimal,1,readout_conditional,5.2003366679744945,0.09168112034153396,5.0206811066051715,5.382499974356517
ibm_fez,two_qutrit,sup023_P021_ph000,optimal,3,readout_conditional,3.8903035575331137,0.12366742268315953,3.655333922082852,4.146919139768612
ibm_fez,two_qutrit,sup023_P021_ph000,optimal,5,readout_conditional,2.6826358538099067,0.13126648893277829,2.417985498428811,2.937124539738227
ibm_fez,two_qutrit,sup023_P021_ph012,standard,1,raw_unconditional,4.406108441935614,0.07502205435189843,4.265491692054644,4.551439136620269
ibm_fez,two_qutrit,sup023_P021_ph012,standard,3,raw_unconditional,2.873488526674337,0.10317742171381011,2.6671366087331645,3.07897283146482
ibm_fez,two_qutrit,sup023_P021_ph012,standard,5,raw_unconditional,1.801111970767755,0.10108601475803783,1.603462003109387,1.9970839896625125
ibm_fez,two_qutrit,sup023_P021_ph012,standard,1,raw_conditional,4.865475167191089,0.08093591392396236,4.7122065909008075,5.018012770898493
ibm_fez,two_qutrit,sup023_P021_ph012,standard,3,raw_conditional,3.406210443047379,0.12131506347356971,3.164147054417664,3.6432464941882525
ibm_fez,two_qutrit,sup023_P021_ph012,standard,5,raw_conditional,2.329805606158703,0.13088017631158566,2.076489856157014,2.5910947501691597
ibm_fez,two_qutrit,sup023_P021_ph012,standard,1,readout_unconditional,4.73669175698033,0.08698013589649489,4.571610455527647,4.913588727431192
ibm_fez,two_qutrit,sup023_P021_ph012,standard,3,readout_unconditional,2.966656139811131,0.10814983365072066,2.7547281249096875,3.1837815133434417
ibm_fez,two_qutrit,sup023_P021_ph012,standard,5,readout_unconditional,1.873853784033404,0.10569881571580271,1.669415003328274,2.078878832719383
ibm_fez,two_qutrit,sup023_P021_ph012,standard,1,readout_conditional,5.187266755970686,0.0913412403393232,5.012362783406394,5.369937885432996
ibm_fez,two_qutrit,sup023_P021_ph012,standard,3,readout_conditional,3.4979214684580917,0.1257271042720157,3.2475901258007567,3.746305134686032
ibm_fez,two_qutrit,sup023_P021_ph012,standard,5,readout_conditional,2.4050025906476122,0.1353976961392057,2.1453508530060184,2.672394075078411
ibm_fez,two_qutrit,sup023_P021_ph012,optimal,1,raw_unconditional,4.28037515463786,0.07396310825871943,4.132533325581808,4.4179405099116895
ibm_fez,two_qutrit,sup023_P021_ph012,optimal,3,raw_unconditional,2.9414907127082754,0.1067800209228206,2.7233959357915647,3.144943756840687
ibm_fez,two_qutrit,sup023_P021_ph012,optimal,5,raw_unconditional,2.186343349292061,0.1014572602135506,1.9872833109077301,2.3892800233919367
ibm_fez,two_qutrit,sup023_P021_ph012,optimal,1,raw_conditional,4.7293027619303505,0.07965882583467403,4.570627954231974,4.8791699674453595
ibm_fez,two_qutrit,sup023_P021_ph012,optimal,3,raw_conditional,3.4782100056240743,0.1243515874511228,3.214940503423838,3.712697972345097
ibm_fez,two_qutrit,sup023_P021_ph012,optimal,5,raw_conditional,2.7942860292692315,0.12796670579718594,2.5442894758626897,3.0426524151521135
ibm_fez,two_qutrit,sup023_P021_ph012,optimal,1,readout_unconditional,4.598736396016604,0.08590089890608017,4.424707466112742,4.762382922511925
ibm_fez,two_qutrit,sup023_P021_ph012,optimal,3,readout_unconditional,3.0376818650820923,0.11291376155458883,2.8032450735832657,3.25295809996217
ibm_fez,two_qutrit,sup023_P021_ph012,optimal,5,readout_unconditional,2.276334162344056,0.10744153245267936,2.072924780432221,2.491073147713218
ibm_fez,two_qutrit,sup023_P021_ph012,optimal,1,readout_conditional,5.038755652266878,0.09003239061145421,4.859413764339764,5.211130515495428
ibm_fez,two_qutrit,sup023_P021_ph012,optimal,3,readout_conditional,3.572103324388765,0.12986838938727543,3.3040575620439547,3.8245753090831975
ibm_fez,two_qutrit,sup023_P021_ph012,optimal,5,readout_conditional,2.885763092524244,0.13346498944772386,2.6245147606308534,3.145014870146562
ibm_fez,two_qutrit,sup023_P021_ph020,standard,1,raw_unconditional,4.266750517865507,0.07118028477069654,4.125289639184735,4.40124231485906
ibm_fez,two_qutrit,sup023_P021_ph020,standard,3,raw_unconditional,2.624308939566477,0.10370490713079117,2.421513900588655,2.827145670895675
ibm_fez,two_qutrit,sup023_P021_ph020,standard,5,raw_unconditional,1.741780699297456,0.09971196260438123,1.5512693465601304,1.9408708519447042
ibm_fez,two_qutrit,sup023_P021_ph020,standard,1,raw_conditional,4.73192790792472,0.07732643340379136,4.584492285228842,4.875592844308416
ibm_fez,two_qutrit,sup023_P021_ph020,standard,3,raw_conditional,3.149633219176518,0.12265950351820411,2.9100877749773386,3.392091450944214
ibm_fez,two_qutrit,sup023_P021_ph020,standard,5,raw_conditional,2.21680514850594,0.1268637903993622,1.974678253923059,2.4721025356634216
ibm_fez,two_qutrit,sup023_P021_ph020,standard,1,readout_unconditional,4.5850477029654515,0.08360127206834517,4.424577711222115,4.742715087349753
ibm_fez,two_qutrit,sup023_P021_ph020,standard,3,readout_unconditional,2.706814893803995,0.10874260884024288,2.4922178059762,2.920914451327456
ibm_fez,two_qutrit,sup023_P021_ph020,standard,5,readout_unconditional,1.8104998536655317,0.1042270335756012,1.6160647255774472,2.0231904450837814
ibm_fez,two_qutrit,sup023_P021_ph020,standard,1,readout_conditional,5.042968891421597,0.08830312990189328,4.873180631479675,5.2110562796918165
ibm_fez,two_qutrit,sup023_P021_ph020,standard,3,readout_conditional,3.2317771759024385,0.1273833998986904,2.9834787000245764,3.4818798919441396
ibm_fez,two_qutrit,sup023_P021_ph020,standard,5,readout_conditional,2.285018855070307,0.1312306064425893,2.031686730950495,2.5562546840487625
ibm_fez,two_qutrit,sup023_P021_ph020,optimal,1,raw_unconditional,4.329783776103602,0.07239537265733753,4.1901149895894605,4.470286392392673
ibm_fez,two_qutrit,sup023_P021_ph020,optimal,3,raw_unconditional,3.109008813792005,0.10427885634308055,2.899350106308809,3.308315951905524
ibm_fez,two_qutrit,sup023_P021_ph020,optimal,5,raw_unconditional,2.095401961945958,0.09990383556774292,1.8961492410519154,2.279298691670168
ibm_fez,two_qutrit,sup023_P021_ph020,optimal,1,raw_conditional,4.768152010543466,0.07774498946278705,4.613333869798477,4.918467591661491
ibm_fez,two_qutrit,sup023_P021_ph020,optimal,3,raw_conditional,3.6658589711430603,0.12086846057408876,3.4230670616358356,3.894466168823748
ibm_fez,two_qutrit,sup023_P021_ph020,optimal,5,raw_conditional,2.7019536670230186,0.12758450106614702,2.451286968707918,2.9406959565483497
ibm_fez,two_qutrit,sup023_P021_ph020,optimal,1,readout_unconditional,4.647135004606753,0.08420835470922106,4.486847448617337,4.80825208756196
ibm_fez,two_qutrit,sup023_P021_ph020,optimal,3,readout_unconditional,3.2098338695979494,0.11039842305442753,2.9918080582632594,3.4196795840349505
ibm_fez,two_qutrit,sup023_P021_ph020,optimal,5,readout_unconditional,2.1801742375254483,0.10505483149894558,1.9723887851604265,2.374574540458707
ibm_fez,two_qutrit,sup023_P021_ph020,optimal,1,readout_conditional,5.071911350531051,0.08785861199828877,4.897565168441425,5.237883730031495
ibm_fez,two_qutrit,sup023_P021_ph020,optimal,3,readout_conditional,3.76431296253366,0.126501775254695,3.5110973182472645,4.005366565667706
ibm_fez,two_qutrit,sup023_P021_ph020,optimal,5,readout_conditional,2.7880592768707078,0.1326227370185453,2.526499781151403,3.0388721617224226
ibm_fez,ghz3,canonical_ez,standard,1,raw_unconditional,3.542390700275771,0.06578034054018951,3.41577241983832,3.6682570358894098
ibm_fez,ghz3,canonical_ez,standard,3,raw_unconditional,1.9159998497548916,0.09031026024935263,1.7365045174744242,2.091879945811201
ibm_fez,ghz3,canonical_ez,standard,5,raw_unconditional,0.742876002281896,0.08312534554944682,0.5829885118774478,0.9082736533292617
ibm_fez,ghz3,canonical_ez,standard,1,raw_conditional,4.0945991175215015,0.07461296055510612,3.95006057862506,4.238556129878425
ibm_fez,ghz3,canonical_ez,standard,3,raw_conditional,2.5879909455817174,0.12140095257829875,2.3501500666412403,2.829120007071907
ibm_fez,ghz3,canonical_ez,standard,5,raw_conditional,1.1287851121074686,0.1261922939401425,0.8842313727034442,1.3729818254064259
ibm_fez,ghz3,canonical_ez,standard,1,readout_unconditional,3.9902133598110874,0.08301582800928595,3.8248320129975655,4.154502249059012
ibm_fez,ghz3,canonical_ez,standard,3,readout_unconditional,2.082515202228579,0.10092802053275063,1.8825963026000205,2.2754990218969895
ibm_fez,ghz3,canonical_ez,standard,5,readout_unconditional,0.8064246007531382,0.09077636599652317,0.6331994918419293,0.9839738600556793
ibm_fez,ghz3,canonical_ez,standard,1,readout_conditional,4.509555878962668,0.08878127306420747,4.332294191138445,4.681864695482917
ibm_fez,ghz3,canonical_ez,standard,3,readout_conditional,2.765269179458593,0.13216861640905067,2.5032082271890572,3.0242769254592425
ibm_fez,ghz3,canonical_ez,standard,5,readout_conditional,1.2089045899735809,0.13579137438906586,0.9463042043420142,1.475715312250963
ibm_fez,ghz3,canonical_ez,optimal,1,raw_unconditional,3.5791896416976847,0.06627834696077413,3.446805686254815,3.7073722819388246
ibm_fez,ghz3,canonical_ez,optimal,3,raw_unconditional,1.9071530424334746,0.09200596087290115,1.7262844127651493,2.088001553862008
ibm_fez,ghz3,canonical_ez,optimal,5,raw_unconditional,0.904730755495051,0.08448875885298567,0.7281370484006594,1.0586441190834321
ibm_fez,ghz3,canonical_ez,optimal,1,raw_conditional,4.094509065336654,0.07499421476355318,3.941745379615516,4.237552435160192
ibm_fez,ghz3,canonical_ez,optimal,3,raw_conditional,2.5563404702156287,0.121181267063085,2.320290101799383,2.7981389173944327
ibm_fez,ghz3,canonical_ez,optimal,5,raw_conditional,1.36779487915522,0.12725062371214607,1.1049934826910963,1.5973631546469582
ibm_fez,ghz3,canonical_ez,optimal,1,readout_unconditional,4.031354135709419,0.08524118946523764,3.8579537011594383,4.195151043602488
ibm_fez,ghz3,canonical_ez,optimal,3,readout_unconditional,2.0716831315672826,0.10294662903132189,1.866766335668557,2.2812171172533535
ibm_fez,ghz3,canonical_ez,optimal,5,readout_unconditional,0.979055615767532,0.0923777752635438,0.7873011183640501,1.1487649846387096
ibm_fez,ghz3,canonical_ez,optimal,1,readout_conditional,4.508352157624878,0.0903661790832823,4.327598302834552,4.68433238404497
ibm_fez,ghz3,canonical_ez,optimal,3,readout_conditional,2.729929162086948,0.13192711393002954,2.46701097301921,2.9899077531994496
ibm_fez,ghz3,canonical_ez,optimal,5,readout_conditional,1.459902591044858,0.13684806481933404,1.1790852536104093,1.7128253238580995
ibm_fez,ghz3,sup023_P021_ph001,standard,1,raw_unconditional,3.39897391419124,0.06722275075819811,3.268537485182218,3.53675569108243
ibm_fez,ghz3,sup023_P021_ph001,standard,3,raw_unconditional,1.8541219400977638,0.08862251833194736,1.6898530124927786,2.032223047956032
ibm_fez,ghz3,sup023_P021_ph001,standard,5,raw_unconditional,0.9584283161876314,0.08314356597090969,0.8067847924574174,1.1249509825902575
ibm_fez,ghz3,sup023_P021_ph001,standard,1,raw_conditional,3.978524017706549,0.07729549692001808,3.8286333182033068,4.132958838152845
ibm_fez,ghz3,sup023_P021_ph001,standard,3,raw_conditional,2.555807275049856,0.1195054788970743,2.326159041746326,2.793802215532389
ibm_fez,ghz3,sup023_P021_ph001,standard,5,raw_conditional,1.5156110400339573,0.1306608980820969,1.277956801053378,1.7816752038953128
ibm_fez,ghz3,sup023_P021_ph001,standard,1,readout_unconditional,3.8342288192451885,0.08515536361577944,3.6824094803888117,4.0166729851924385
ibm_fez,ghz3,sup023_P021_ph001,standard,3,readout_unconditional,2.017591016482948,0.0994149580888473,1.8327702508124672,2.2186884284481714
ibm_fez,ghz3,sup023_P021_ph001,standard,5,readout_unconditional,1.0416071515042742,0.09107001071731007,0.8747168519863534,1.2217710134755007
ibm_fez,ghz3,sup023_P021_ph001,standard,1,readout_conditional,4.3891542795595955,0.09200862418628006,4.218879336952539,4.578854722317765
ibm_fez,ghz3,sup023_P021_ph001,standard,3,readout_conditional,2.7356067028306374,0.130687922030777,2.484291039206119,2.9941726455019375
ibm_fez,ghz3,sup023_P021_ph001,standard,5,readout_conditional,1.6252536840366063,0.14087608464069498,1.3692768972546534,1.9071916031661293
ibm_fez,ghz3,sup023_P021_ph001,optimal,1,raw_unconditional,3.4612028352825153,0.06751718346136464,3.3313993660891548,3.593924926060768
ibm_fez,ghz3,sup023_P021_ph001,optimal,3,raw_unconditional,1.8237796665435975,0.08990993138296413,1.6456151920116828,2.0011643287581347
ibm_fez,ghz3,sup023_P021_ph001,optimal,5,raw_unconditional,0.9747120848874827,0.0842953725512553,0.8194670550262079,1.143606608785662
ibm_fez,ghz3,sup023_P021_ph001,optimal,1,raw_conditional,4.043625775002057,0.07679310306491315,3.894636857589122,4.192599724055318
ibm_fez,ghz3,sup023_P021_ph001,optimal,3,raw_conditional,2.5341235866896312,0.12326278038825167,2.289567947958796,2.7744463202965353
ibm_fez,ghz3,sup023_P021_ph001,optimal,5,raw_conditional,1.538620199829577,0.13144009818752056,1.2882119680622075,1.7995115134385864
ibm_fez,ghz3,sup023_P021_ph001,optimal,1,readout_unconditional,3.899133399076904,0.08375934035039734,3.7400849838041528,4.0627186058414395
ibm_fez,ghz3,sup023_P021_ph001,optimal,3,readout_unconditional,1.9844995236297445,0.10020487677255331,1.7934941257190604,2.1827970288126712
ibm_fez,ghz3,sup023_P021_ph001,optimal,5,readout_unconditional,1.0591244043994021,0.0926888336443449,0.8845286623220323,1.2406245871078012
ibm_fez,ghz3,sup023_P021_ph001,optimal,1,readout_conditional,4.456535079618106,0.08998777706201959,4.281853924245866,4.632708648976313
ibm_fez,ghz3,sup023_P021_ph001,optimal,3,readout_conditional,2.711844022790021,0.13357084192204566,2.4490314286229355,2.967686950174356
ibm_fez,ghz3,sup023_P021_ph001,optimal,5,readout_conditional,1.6501951675247482,0.14219768561638227,1.3787398280367733,1.9283718180488336
ibm_fez,ghz3,sup023_P021_ph011,standard,1,raw_unconditional,3.383570187139251,0.06764433768104264,3.2532572484836684,3.5171986391974204
ibm_fez,ghz3,sup023_P021_ph011,standard,3,raw_unconditional,1.6421370849198629,0.08687176241352755,1.4714336851935181,1.8039600389541923
ibm_fez,ghz3,sup023_P021_ph011,standard,5,raw_unconditional,0.9032675627849287,0.08024432002375548,0.7477203651770283,1.060065854576698
ibm_fez,ghz3,sup023_P021_ph011,standard,1,raw_conditional,3.935271985024747,0.0771885985408084,3.7849199559219384,4.084808238568864
ibm_fez,ghz3,sup023_P021_ph011,standard,3,raw_conditional,2.2840149243492576,0.11967004636822355,2.046289414020152,2.5168272976228407
ibm_fez,ghz3,sup023_P021_ph011,standard,5,raw_conditional,1.4198024265853113,0.1259715964745066,1.167954369920684,1.6689176360370348
ibm_fez,ghz3,sup023_P021_ph011,standard,1,readout_unconditional,3.8131721052310574,0.0839155117277677,3.649053262563367,3.9764624240657165
ibm_fez,ghz3,sup023_P021_ph011,standard,3,readout_unconditional,1.7827112365760094,0.09599201748626171,1.5977682354050076,1.969719909735771
ibm_fez,ghz3,sup023_P021_ph011,standard,5,readout_unconditional,0.9807628372930202,0.08815146957379039,0.8103638398647688,1.1542623792220887
ibm_fez,ghz3,sup023_P021_ph011,standard,1,readout_conditional,4.337867883641578,0.09058899458673365,4.160177663574026,4.51882300651706
ibm_fez,ghz3,sup023_P021_ph011,standard,3,readout_conditional,2.4382001222015193,0.12926037084239625,2.1860483318843906,2.6883119578320183
ibm_fez,ghz3,sup023_P021_ph011,standard,5,readout_conditional,1.521102531607232,0.13608775355624367,1.2521111971306786,1.7867885033094209
ibm_fez,ghz3,sup023_P021_ph011,optimal,1,raw_unconditional,3.416676032921227,0.06956471251645378,3.277222931867583,3.552172020799909
ibm_fez,ghz3,sup023_P021_ph011,optimal,3,raw_unconditional,1.6851389709289177,0.08696556663379165,1.5158358775894158,1.8525003667677091
ibm_fez,ghz3,sup023_P021_ph011,optimal,5,raw_unconditional,0.9778456755333547,0.08248065225486625,0.8200158039880003,1.139218496338208
ibm_fez,ghz3,sup023_P021_ph011,optimal,1,raw_conditional,3.9558305998625776,0.0792713953579503,3.7988097943166954,4.115484323954379
ibm_fez,ghz3,sup023_P021_ph011,optimal,3,raw_conditional,2.3436060077623435,0.1183571732707778,2.114408100104076,2.569570071605228
ibm_fez,ghz3,sup023_P021_ph011,optimal,5,raw_conditional,1.5283728333658657,0.12925698567850938,1.2787034330741722,1.7814674546861857
ibm_fez,ghz3,sup023_P021_ph011,optimal,1,readout_unconditional,3.8543698698106086,0.08749915514857459,3.6814637203235328,4.0261440830291395
ibm_fez,ghz3,sup023_P021_ph011,optimal,3,readout_unconditional,1.8295654648462683,0.09682032555333864,1.6429521651824406,2.0202758621975234
ibm_fez,ghz3,sup023_P021_ph011,optimal,5,readout_unconditional,1.05932369254653,0.09032163738935135,0.8860267856108753,1.2340703494415
ibm_fez,ghz3,sup023_P021_ph011,optimal,1,readout_conditional,4.363994705427996,0.09392344412568557,4.173974165539348,4.551923191139231
ibm_fez,ghz3,sup023_P021_ph011,optimal,3,readout_conditional,2.501430309850794,0.12863338518698314,2.254365226450566,2.748977847460335
ibm_fez,ghz3,sup023_P021_ph011,optimal,5,readout_conditional,1.6339513556073466,0.13937517596513976,1.3618203987313342,1.9114638609495662
ibm_fez,ghz3,sup023_P021_ph021,standard,1,raw_unconditional,3.3598562857731227,0.06658858660404604,3.232208825577568,3.4911396332580193
ibm_fez,ghz3,sup023_P021_ph021,standard,3,raw_unconditional,1.5544232256231822,0.08832418540561365,1.3790379119559837,1.7313366475853942
ibm_fez,ghz3,sup023_P021_ph021,standard,5,raw_unconditional,0.7502444113060593,0.0825376320623573,0.5927126611649078,0.9163193157168467
ibm_fez,ghz3,sup023_P021_ph021,standard,1,raw_conditional,3.9835048197382106,0.07678121071592388,3.836470483029412,4.133899094387932
ibm_fez,ghz3,sup023_P021_ph021,standard,3,raw_conditional,2.123656876621919,0.11926597298097649,1.8831519293758732,2.359205971430069
ibm_fez,ghz3,sup023_P021_ph021,standard,5,raw_conditional,1.2031946201740447,0.13174331692059035,0.9475620787671395,1.4665660167848955
ibm_fez,ghz3,sup023_P021_ph021,standard,1,readout_unconditional,3.78838680549968,0.08370964949787553,3.625494466870119,3.962422059116384
ibm_fez,ghz3,sup023_P021_ph021,standard,3,readout_unconditional,1.6904756833005412,0.09797072575097414,1.4981353004742934,1.8842724434557718
ibm_fez,ghz3,sup023_P021_ph021,standard,5,readout_unconditional,0.8142997910469091,0.08979208344131415,0.6421476972425799,0.9933542829878336
ibm_fez,ghz3,sup023_P021_ph021,standard,1,readout_conditional,4.39583589778218,0.09104787650039438,4.217393100091211,4.574935006645493
ibm_fez,ghz3,sup023_P021_ph021,standard,3,readout_conditional,2.2706388731830938,0.12898275023934225,2.016348133221816,2.5238711382720043
ibm_fez,ghz3,sup023_P021_ph021,standard,5,readout_conditional,1.289135602038625,0.14141209878136338,1.0143807473846218,1.5706859429584827
ibm_fez,ghz3,sup023_P021_ph021,optimal,1,raw_unconditional,3.3996695589941712,0.06778158489602874,3.2692956009151932,3.530264547156586
ibm_fez,ghz3,sup023_P021_ph021,optimal,3,raw_unconditional,1.7406118205043526,0.09046018304652072,1.5626497644687376,1.9135740005144284
ibm_fez,ghz3,sup023_P021_ph021,optimal,5,raw_unconditional,0.8524786052568796,0.08090800602511045,0.6985241293377629,1.007674011529032
ibm_fez,ghz3,sup023_P021_ph021,optimal,1,raw_conditional,3.988247273919025,0.0776852944193256,3.8314497207390508,4.14063736712669
ibm_fez,ghz3,sup023_P021_ph021,optimal,3,raw_conditional,2.4152625376773322,0.12388482975940557,2.1668584690475146,2.653885659200309
ibm_fez,ghz3,sup023_P021_ph021,optimal,5,raw_conditional,1.3475298757227459,0.12806491149772178,1.1012201814921043,1.594704846133432
ibm_fez,ghz3,sup023_P021_ph021,optimal,1,readout_unconditional,3.8310620786216245,0.08605605963542232,3.667454972660176,4.00132264613632
ibm_fez,ghz3,sup023_P021_ph021,optimal,3,readout_unconditional,1.8939563570241569,0.10083904931013248,1.6984727357559095,2.0974508890037344
ibm_fez,ghz3,sup023_P021_ph021,optimal,5,readout_unconditional,0.9263626893099653,0.08830529935744769,0.7579662361788216,1.1015897863027448
ibm_fez,ghz3,sup023_P021_ph021,optimal,1,readout_conditional,4.396504299180754,0.0928723317986311,4.217153144406946,4.578473386623235
ibm_fez,ghz3,sup023_P021_ph021,optimal,3,readout_conditional,2.585853302759178,0.13483318867492985,2.318132751071334,2.848613430695637
ibm_fez,ghz3,sup023_P021_ph021,optimal,5,readout_conditional,1.4458146479239848,0.13801318056652995,1.1815131180747713,1.7180952592758116
ibm_fez,ame43,canonical_ez,standard,1,raw_unconditional,3.762415198581762,0.07723473869737839,3.610967472648494,3.910069410346808
ibm_fez,ame43,canonical_ez,standard,3,raw_unconditional,1.2962875569400092,0.09318767077912285,1.1160359274185734,1.4811487076964651
ibm_fez,ame43,canonical_ez,standard,5,raw_unconditional,0.5487146591540067,0.08209326504717823,0.38775906898917545,0.7033518202402169
ibm_fez,ame43,canonical_ez,standard,1,raw_conditional,4.867275931454298,0.09537850926049092,4.679802954846036,5.046220048509942
ibm_fez,ame43,canonical_ez,standard,3,raw_conditional,2.2826951078554276,0.1609772359759026,1.9652513531361226,2.6052954251515206
ibm_fez,ame43,canonical_ez,standard,5,raw_conditional,1.1506376168777621,0.1731457816941467,0.8116357135033786,1.4873459213210733
ibm_fez,ame43,canonical_ez,standard,1,readout_unconditional,4.1133464487081035,0.09115390910821307,3.937059116707042,4.289120938477069
ibm_fez,ame43,canonical_ez,standard,3,readout_unconditional,1.3899116126278723,0.10098427836073812,1.1951508774753101,1.5931542941833898
ibm_fez,ame43,canonical_ez,standard,5,readout_unconditional,0.5902929919387166,0.08895497172358699,0.41612767703326536,0.7612936026294469
ibm_fez,ame43,canonical_ez,standard,1,readout_conditional,5.242910127166003,0.10920332315358215,5.024926928372799,5.4524112115013414
ibm_fez,ame43,canonical_ez,standard,3,readout_conditional,2.4182002592393887,0.17183059515072852,2.0766713773910817,2.7677385824854146
ibm_fez,ame43,canonical_ez,standard,5,readout_conditional,1.2236794786583944,0.18549673247877066,0.8611582480050523,1.5838164338179785
ibm_fez,ame43,canonical_ez,optimal,1,raw_unconditional,3.9687427659061707,0.07478752202883202,3.824161380493319,4.1128939611406485
ibm_fez,ame43,canonical_ez,optimal,3,raw_unconditional,1.2565320950816428,0.09661193624962336,1.0680290402710098,1.4422684571326643
ibm_fez,ame43,canonical_ez,optimal,5,raw_unconditional,0.518027656432089,0.08671229391397724,0.3535457727961796,0.6784220258995929
ibm_fez,ame43,canonical_ez,optimal,1,raw_conditional,5.041652843500553,0.09119159270996358,4.86518474790732,5.222595889447585
ibm_fez,ame43,canonical_ez,optimal,3,raw_conditional,2.0713055286823034,0.15712049897838262,1.7692235564500964,2.3740895619206612
ibm_fez,ame43,canonical_ez,optimal,5,raw_conditional,1.0142841914983163,0.17069508606094644,0.6899719847387736,1.335663280235418
ibm_fez,ame43,canonical_ez,optimal,1,readout_unconditional,4.338546757979411,0.0872706637817967,4.1712593835380165,4.509327729242218
ibm_fez,ame43,canonical_ez,optimal,3,readout_unconditional,1.3482477632655618,0.10501728007382291,1.1420670361530072,1.5572066975584928
ibm_fez,ame43,canonical_ez,optimal,5,readout_unconditional,0.5585322279560203,0.09393511750631464,0.37958946155366063,0.7345058219694441
ibm_fez,ame43,canonical_ez,optimal,1,readout_conditional,5.429269250722964,0.1026485617333865,5.230455162324082,5.632565265055303
ibm_fez,ame43,canonical_ez,optimal,3,readout_conditional,2.195554963412582,0.1680337194374732,1.869032430261744,2.522789680883041
ibm_fez,ame43,canonical_ez,optimal,5,readout_conditional,1.0793157405832505,0.18227065159068162,0.7313998712442417,1.428940108812104
ibm_fez,ame43,sup012_P210_ph002,standard,1,raw_unconditional,3.4234456169976086,0.07598807033635337,3.2747103778477498,3.576775382283081
ibm_fez,ame43,sup012_P210_ph002,standard,3,raw_unconditional,0.9916300895250654,0.08898789618079804,0.8175390612184896,1.1690577383722476
ibm_fez,ame43,sup012_P210_ph002,standard,5,raw_unconditional,0.15995205854756714,0.07831659711465402,0.013444758157944459,0.316373765917782
ibm_fez,ame43,sup012_P210_ph002,standard,1,raw_conditional,4.625069645887225,0.09719836539682078,4.438316260395785,4.81771503559673
ibm_fez,ame43,sup012_P210_ph002,standard,3,raw_conditional,1.8821644236628572,0.16784689477033116,1.5471961125155553,2.2147804738623567
ibm_fez,ame43,sup012_P210_ph002,standard,5,raw_conditional,0.3556201974065867,0.17736418246565594,0.029367990868417623,0.706558141803996
ibm_fez,ame43,sup012_P210_ph002,standard,1,readout_unconditional,3.8058181688778787,0.09037898841483587,3.6328288146116945,3.9931271267018507
ibm_fez,ame43,sup012_P210_ph002,standard,3,readout_unconditional,1.0524531547074891,0.09510232755219783,0.863999488057279,1.2401767580759022
ibm_fez,ame43,sup012_P210_ph002,standard,5,readout_unconditional,0.1743211282982442,0.08447520767607679,0.01693548298092967,0.3432980127653342
ibm_fez,ame43,sup012_P210_ph002,standard,1,readout_conditional,5.06619805485931,0.11216044374848899,4.852141595639577,5.293143955662079
ibm_fez,ame43,sup012_P210_ph002,standard,3,readout_conditional,1.9800788253501156,0.17772268432871133,1.6216501989297185,2.338770490260197
ibm_fez,ame43,sup012_P210_ph002,standard,5,readout_conditional,0.3836512462505587,0.18926185689132421,0.03438862014629073,0.7620243663417311
ibm_fez,ame43,sup012_P210_ph002,optimal,1,raw_unconditional,3.5143487351718576,0.0744432369856923,3.3698805284543107,3.6602484046802384
ibm_fez,ame43,sup012_P210_ph002,optimal,3,raw_unconditional,1.0438346183397176,0.08805656601433139,0.8670934202781121,1.2002613929864034
ibm_fez,ame43,sup012_P210_ph002,optimal,5,raw_unconditional,0.36081889650998994,0.07976587759271705,0.20878276234045517,0.5150046628373706
ibm_fez,ame43,sup012_P210_ph002,optimal,1,raw_conditional,4.780930993324739,0.095464928521743,4.594321267571437,4.9644256674681975
ibm_fez,ame43,sup012_P210_ph002,optimal,3,raw_conditional,1.9476833006122627,0.16157483011668036,1.623240271783525,2.2407871996109234
ibm_fez,ame43,sup012_P210_ph002,optimal,5,raw_conditional,0.8065736844753751,0.17764956335461662,0.4638193896529451,1.1440596390442104
ibm_fez,ame43,sup012_P210_ph002,optimal,1,readout_unconditional,3.8985565109147,0.08899892687867111,3.729854755166966,4.0735269014644775
ibm_fez,ame43,sup012_P210_ph002,optimal,3,readout_unconditional,1.1087670287750422,0.09402627657637486,0.918408091290762,1.27625220270009
ibm_fez,ame43,sup012_P210_ph002,optimal,5,readout_unconditional,0.3874344648473102,0.08596398982755415,0.22318199550630644,0.555107797697654
ibm_fez,ame43,sup012_P210_ph002,optimal,1,readout_conditional,5.224054236968814,0.110439436534581,5.012410045129668,5.441964806875042
ibm_fez,ame43,sup012_P210_ph002,optimal,3,readout_conditional,2.0483480273117105,0.17095907615641778,1.7056948124577889,2.3594127677230405
ibm_fez,ame43,sup012_P210_ph002,optimal,5,readout_conditional,0.8567441609990419,0.1891626968742688,0.493312091373832,1.2158062793386417
ibm_fez,ame43,sup023_P021_ph000,standard,1,raw_unconditional,3.276295870047904,0.07455923422801378,3.126461046429073,3.417406708283097
ibm_fez,ame43,sup023_P021_ph000,standard,3,raw_unconditional,1.0781988995210914,0.09231701688944066,0.8915915010100983,1.259035921474293
ibm_fez,ame43,sup023_P021_ph000,standard,5,raw_unconditional,0.46265475393556227,0.08103015549707354,0.30525419037163837,0.6263953928844155
ibm_fez,ame43,sup023_P021_ph000,standard,1,raw_conditional,4.401334021115393,0.09700021034010192,4.208051958688111,4.590141033635614
ibm_fez,ame43,sup023_P021_ph000,standard,3,raw_conditional,1.9915867310458677,0.16874483345629762,1.658972395437192,2.3135524479019893
ibm_fez,ame43,sup023_P021_ph000,standard,5,raw_conditional,1.0676267697579815,0.18433837258865804,0.7136321580612569,1.4351753508322114
ibm_fez,ame43,sup023_P021_ph000,standard,1,readout_unconditional,3.638333144890651,0.08858925346679505,3.4607528413903617,3.8112644028445932
ibm_fez,ame43,sup023_P021_ph000,standard,3,readout_unconditional,1.1452558135246922,0.09878174792007091,0.9455655797453761,1.3386025844365523
ibm_fez,ame43,sup023_P021_ph000,standard,5,readout_unconditional,0.49571466209211207,0.08748902010026759,0.3286463832020618,0.6721038315301129
ibm_fez,ame43,sup023_P021_ph000,standard,1,readout_conditional,4.814403298976439,0.11137792143139412,4.590403557769261,5.033346590071473
ibm_fez,ame43,sup023_P021_ph000,standard,3,readout_conditional,2.09587491072653,0.17880763579585543,1.7463865013198208,2.445965068472703
ibm_fez,ame43,sup023_P021_ph000,standard,5,readout_conditional,1.132128245053904,0.1968246529156694,0.7565062246733957,1.528039268228134
ibm_fez,ame43,sup023_P021_ph000,optimal,1,raw_unconditional,3.470890134506925,0.07404220737980571,3.3276514027718913,3.615868682505675
ibm_fez,ame43,sup023_P021_ph000,optimal,3,raw_unconditional,1.0281863503767112,0.08899002964429907,0.8567738755479973,1.2011991642218496
ibm_fez,ame43,sup023_P021_ph000,optimal,5,raw_unconditional,0.3638406267244054,0.08010565893357219,0.2061191729449482,0.520547232816455
ibm_fez,ame43,sup023_P021_ph000,optimal,1,raw_conditional,4.739802991556449,0.09606866339538549,4.55416020113883,4.930338622001213
ibm_fez,ame43,sup023_P021_ph000,optimal,3,raw_conditional,1.9122326990585967,0.16169077914643504,1.5964693159510028,2.2230872346013073
ibm_fez,ame43,sup023_P021_ph000,optimal,5,raw_conditional,0.8263632580477309,0.18070959820587035,0.4686466605212425,1.1766212713179103
ibm_fez,ame43,sup023_P021_ph000,optimal,1,readout_unconditional,3.8496639008503837,0.08900252693044565,3.673508664251402,4.022110935143599
ibm_fez,ame43,sup023_P021_ph000,optimal,3,readout_unconditional,1.0907245027769379,0.09547622914802993,0.9070246086543654,1.278108811684596
ibm_fez,ame43,sup023_P021_ph000,optimal,5,readout_unconditional,0.3897723623387606,0.0865601970322467,0.21982085865739967,0.5586819544262845
ibm_fez,ame43,sup023_P021_ph000,optimal,1,readout_conditional,5.182290665443326,0.11164147751818637,4.955386650868941,5.400316204418278
ibm_fez,ame43,sup023_P021_ph000,optimal,3,readout_conditional,2.0097353002637326,0.17165289840747214,1.6720186381473618,2.344632646175059
ibm_fez,ame43,sup023_P021_ph000,optimal,5,readout_conditional,0.8762667030549053,0.19309404563132304,0.4895889264185689,1.2592850712754768
ibm_fez,ame43,sup023_P021_ph011,standard,1,raw_unconditional,3.3274845610148067,0.07326568913653764,3.172177610998526,3.4748831030516727
ibm_fez,ame43,sup023_P021_ph011,standard,3,raw_unconditional,1.1467986875355451,0.09203915469727372,0.9753502878473905,1.3353211671062235
ibm_fez,ame43,sup023_P021_ph011,standard,5,raw_unconditional,0.2811546250384686,0.07829524460889811,0.13501813285021907,0.4377165112428704
ibm_fez,ame43,sup023_P021_ph011,standard,1,raw_conditional,4.532968434908566,0.09448117553707808,4.338765927487546,4.7245225773722
ibm_fez,ame43,sup023_P021_ph011,standard,3,raw_conditional,2.100479326076403,0.167028652346013,1.792374849450802,2.445163850673288
ibm_fez,ame43,sup023_P021_ph011,standard,5,raw_conditional,0.6651043698029538,0.18595682771168084,0.32063368151677335,1.0272706702906031
ibm_fez,ame43,sup023_P021_ph011,standard,1,readout_unconditional,3.6864223225252584,0.08756170526903445,3.5128804711781814,3.862807592181361
ibm_fez,ame43,sup023_P021_ph011,standard,3,readout_unconditional,1.220876380670087,0.09876205116238926,1.034997104454621,1.4208364865426517
ibm_fez,ame43,sup023_P021_ph011,standard,5,readout_unconditional,0.30367300677490666,0.08446865612991804,0.14618673545357322,0.4700371557524659
ibm_fez,ame43,sup023_P021_ph011,standard,1,readout_conditional,4.946593570962885,0.10931933377575899,4.735516798064635,5.167710399318158
ibm_fez,ame43,sup023_P021_ph011,standard,3,readout_conditional,2.214884497610254,0.17751236001313322,1.8886822746208303,2.578626479318813
ibm_fez,ame43,sup023_P021_ph011,standard,5,readout_conditional,0.7112345188698581,0.1987225707185206,0.34537301487034416,1.103376584594112
ibm_fez,ame43,sup023_P021_ph011,optimal,1,raw_unconditional,3.3397018244101178,0.07415718634436827,3.193208017021463,3.4834676657663177
ibm_fez,ame43,sup023_P021_ph011,optimal,3,raw_unconditional,1.0499035072495535,0.09107049059481451,0.8670989360011025,1.2215165077637593
ibm_fez,ame43,sup023_P021_ph011,optimal,5,raw_unconditional,0.4570364403429103,0.0803369170521867,0.29976128181370676,0.6168195890442819
ibm_fez,ame43,sup023_P021_ph011,optimal,1,raw_conditional,4.562769885455286,0.09753911473534345,4.372924357623641,4.755774193773685
ibm_fez,ame43,sup023_P021_ph011,optimal,3,raw_conditional,1.937654757601486,0.16535122792113105,1.6206552182741598,2.257733148131863
ibm_fez,ame43,sup023_P021_ph011,optimal,5,raw_conditional,1.0223430462786398,0.17786528657250897,0.6763650488244562,1.3643418807299292
ibm_fez,ame43,sup023_P021_ph011,optimal,1,readout_unconditional,3.710177361919591,0.08939470104719084,3.5343817911917914,3.8854923846711755
ibm_fez,ame43,sup023_P021_ph011,optimal,3,readout_unconditional,1.1174471022853438,0.09748956042011474,0.922097885604763,1.3065954021557022
ibm_fez,ame43,sup023_P021_ph011,optimal,5,readout_unconditional,0.4909237599264009,0.08669598104565863,0.32216168241319687,0.6641041393390165
ibm_fez,ame43,sup023_P021_ph011,optimal,1,readout_conditional,4.9958045587798665,0.11420455491650099,4.777548360051795,5.220977129689544
ibm_fez,ame43,sup023_P021_ph011,optimal,3,readout_conditional,2.0436093251724055,0.17502896189886644,1.707192178137528,2.3873852624401777
ibm_fez,ame43,sup023_P021_ph011,optimal,5,readout_conditional,1.0861861184918837,0.19003065268358166,0.7155405276399762,1.4544317619751932
