provider,state,name,variant,estimator,value_scale1,value_scale3,value_scale5,curvature,curvature_se,curvature_ci95_low,curvature_ci95_high,linear_model_flag
iqm,ame43,canonical_ez,optimal,raw_unconditional,3.4208723219045662,0.5063297600667461,-0.0032401352521081485,2.404972666518966,0.16630942341387853,2.0726293688389523,2.727022901830636,True
iqm,ame43,canonical_ez,optimal,raw_conditional,4.177343549168489,0.8127778846223754,-0.020024744931422377,2.5317630349923155,0.2611886996435051,2.0036604734738144,3.047631780198919,True
iqm,ame43,canonical_ez,optimal,readout_unconditional,3.864260656703661,0.5716193880908703,-0.001978922009699253,2.7190429585122216,0.19097825948615005,2.343731939119151,3.0969022522901297,True
iqm,ame43,canonical_ez,optimal,readout_conditional,4.667650806992004,0.9301640198165542,-0.021273862681632137,2.7860489046772634,0.30097703450606594,2.195959096508805,3.3773540765666166,True
iqm,ame43,canonical_ez,standard,raw_unconditional,3.263028098045165,0.3468456692640217,-0.03511098208609086,2.5342257774310313,0.16109175735861048,2.221982228729793,2.852730182579344,True
iqm,ame43,canonical_ez,standard,raw_conditional,4.0068338356569075,0.5792452279559852,-0.052520425873487854,2.795822953871449,0.2591347958477313,2.299188172331866,3.32459633348548,True
iqm,ame43,canonical_ez,standard,readout_unconditional,3.685378064242211,0.3901729468831461,-0.03523003927196734,2.8698021312039517,0.18438917243568723,2.5168322341057574,3.2391618579805312,True
iqm,ame43,canonical_ez,standard,readout_conditional,4.480360502022908,0.6611593953512789,-0.05148231599737251,3.1065593953229778,0.2986872954684254,2.5296001584322303,3.7072560817787745,True
iqm,ame43,sup012_P210_ph002,optimal,raw_unconditional,2.545048156021294,0.04011886996875268,0.0027260628155163884,2.467536478899305,0.2254865649918044,2.0315754913384643,2.8931538116386606,True
iqm,ame43,sup012_P210_ph002,optimal,raw_conditional,3.245528688496037,0.07183610464857143,0.0024153383175939194,3.104271817516488,0.36483293661131977,2.4056925099070936,3.807556410310027,True
iqm,ame43,sup012_P210_ph002,optimal,readout_unconditional,2.911573631512348,0.060083571481699974,0.008283229011552602,2.7996897175605002,0.262707527884957,2.28507363618599,3.2946270414667027,True
iqm,ame43,sup012_P210_ph002,optimal,readout_conditional,3.670795153925933,0.10748663487731212,0.011500471511926347,3.467322355683235,0.42882646704275174,2.644868515599372,4.279143281703581,True
iqm,ame43,sup012_P210_ph002,standard,raw_unconditional,2.7731929013805576,0.07364810649662594,0.196585899808702,2.822482588196008,0.2295520372266872,2.3853658445329016,3.269971715273216,True
iqm,ame43,sup012_P210_ph002,standard,raw_conditional,3.563466196398482,0.12285237770339812,0.3359943467450725,3.6537557877367584,0.3683681713645704,2.9570660467446346,4.375158860864084,True
iqm,ame43,sup012_P210_ph002,standard,readout_unconditional,3.166656675205087,0.08924726602774817,0.22031863507663532,3.2084807782262263,0.26641896694279044,2.6991004275201016,3.7363545581169904,True
iqm,ame43,sup012_P210_ph002,standard,readout_conditional,4.025415905146198,0.14972680593481488,0.3781835543619388,4.104145847638507,0.43118039306697026,3.2884181479066315,4.940528740465644,True
iqm,ame43,sup023_P021_ph000,optimal,raw_unconditional,2.565010319813505,0.08346741063389487,-0.10998067483340476,2.2880948237123104,0.19483042070493464,1.9160961549880013,2.6755378050238527,True
iqm,ame43,sup023_P021_ph000,optimal,raw_conditional,3.8487527113541056,0.19458130113095282,-0.3122267600808499,3.1473633490113504,0.43550492090395176,2.323845098255836,4.004651125065649,True
iqm,ame43,sup023_P021_ph000,optimal,readout_unconditional,2.985633934836475,0.09329620882734062,-0.1308448305630321,2.668196686618762,0.22746267511854992,2.2398433354416194,3.121071735379591,True
iqm,ame43,sup023_P021_ph000,optimal,readout_conditional,4.457702653648308,0.2237457723884499,-0.37887873587745957,3.631332372993949,0.5131422196515496,2.6570650674535425,4.6565806614522005,True
iqm,ame43,sup023_P021_ph000,standard,raw_unconditional,2.3558422832249217,-0.12239903428300838,0.06591992136080455,2.666560273151743,0.19597990911954236,2.296591633475333,3.0448175361238694,True
iqm,ame43,sup023_P021_ph000,standard,raw_conditional,3.4471376816884898,-0.29007895015095503,0.1559719041348134,4.183267486125213,0.41185874406393835,3.384863647737391,4.965325287870048,True
iqm,ame43,sup023_P021_ph000,standard,readout_unconditional,2.7272972628606866,-0.143576824967103,0.06939590107009919,3.0838468138649917,0.2264923055564687,2.654178620955828,3.513713607536214,True
iqm,ame43,sup023_P021_ph000,standard,readout_conditional,3.9673321773754457,-0.34769514481008323,0.1653345124878543,4.828056979483467,0.4812495375001689,3.9070459747523207,5.742100094011797,True
iqm,ame43,sup023_P021_ph011,optimal,raw_unconditional,2.589922453997538,0.05904061971936932,0.03861518856935277,2.5104564031281518,0.19952298693831538,2.1181643948720503,2.894264776968316,True
iqm,ame43,sup023_P021_ph011,optimal,raw_conditional,3.7973634406029824,0.1390050992263429,0.14340413024059753,3.662757372390894,0.4460371046097236,2.762316000249064,4.5211034600488125,True
iqm,ame43,sup023_P021_ph011,optimal,readout_unconditional,3.0057350130482527,0.07362027459499924,0.04765792852192688,2.9061523923801813,0.2308927226374321,2.458149698248102,3.346951240532811,True
iqm,ame43,sup023_P021_ph011,optimal,readout_conditional,4.382705183886775,0.17753774805336062,0.17567863441753137,4.203308322197585,0.5217341483751832,3.1332437534763,5.197038914050953,True
iqm,ame43,sup023_P021_ph011,standard,raw_unconditional,2.6899141350285047,0.02935736497839611,0.05045837401061767,2.68165777908233,0.19770781078510427,2.291494035352447,3.0622693959591434,True
iqm,ame43,sup023_P021_ph011,standard,raw_conditional,3.9506445934433216,0.06884593181509581,0.18411211980451792,3.997064849617648,0.42356725215057067,3.193009915741197,4.815252680596037,True
iqm,ame43,sup023_P021_ph011,standard,readout_unconditional,3.097045628548215,0.04108983031756341,0.06045683891425381,3.075322806827342,0.22956649838133206,2.640350452172028,3.521756291788539,True
iqm,ame43,sup023_P021_ph011,standard,readout_conditional,4.525466238217757,0.09654601823678735,0.22085399732483846,4.5532281990690215,0.4961253984943306,3.583714989556735,5.50395659764908,True
iqm,ghz3,canonical_ez,optimal,raw_unconditional,3.5469625492292787,1.4304533723711401,0.7562156033057897,1.4422714077927883,0.2304132971732106,0.9831335030418619,1.892575539182544,True
iqm,ghz3,canonical_ez,optimal,raw_conditional,3.9144415218222233,1.7884673110757758,0.986714816680118,1.3242217163507894,0.28345092751176604,0.7582131087906107,1.8609620953398391,True
iqm,ghz3,canonical_ez,optimal,readout_unconditional,4.008297179796307,1.5975353700463768,0.8384228031065823,1.6516492428101361,0.26187985304410005,1.1361762496190624,2.1701120684250226,True
iqm,ghz3,canonical_ez,optimal,readout_conditional,4.368705805539768,1.995376233238993,1.089478321183717,1.4674316602454984,0.31984668234549946,0.8273363262257514,2.0870561824741642,True
iqm,ghz3,canonical_ez,standard,raw_unconditional,3.5262037690826644,1.1303647312009955,0.6251293889351988,1.8906036956158723,0.22146810045149048,1.4617807662204316,2.3340320035714646,True
iqm,ghz3,canonical_ez,standard,raw_conditional,3.866292467553302,1.4738097637251117,0.883754877943603,1.8024278180466813,0.2832503571555171,1.2405193383304922,2.3668013535668586,True
iqm,ghz3,canonical_ez,standard,readout_unconditional,3.93582801081942,1.2361844915607962,0.6866493598327228,2.1501083875305502,0.24833865867396737,1.6522997514179276,2.6523461468070435,True
iqm,ghz3,canonical_ez,standard,readout_conditional,4.266326595976668,1.619587922905906,0.9767303097367254,2.0038810599015817,0.31708402400754265,1.3691249470322073,2.6363907172480427,True
iqm,ghz3,sup023_P021_ph001,optimal,raw_unconditional,3.199804719554593,1.1993615786452543,0.8368444139517717,1.6379259762158562,0.21985605129845281,1.2027473850044477,2.0725418993833684,True
iqm,ghz3,sup023_P021_ph001,optimal,raw_conditional,3.797854749104876,1.6001952873586553,1.1612072888783815,1.7586714632659468,0.28994878634251625,1.1984207538947025,2.327478564793666,True
iqm,ghz3,sup023_P021_ph001,optimal,readout_unconditional,3.7099524793098055,1.3497458295275842,0.93997748909745,1.9504383093520872,0.257099359343733,1.4427628906733498,2.450511975925656,True
iqm,ghz3,sup023_P021_ph001,optimal,readout_conditional,4.352472318697649,1.803611124199581,1.310528589355845,2.055778659654332,0.33692465346946393,1.3963953695119464,2.7195670686369833,True
iqm,ghz3,sup023_P021_ph001,standard,raw_unconditional,3.1855736726924895,1.3180326256730062,0.5772169480224236,1.1267253693689008,0.2165160199547897,0.690513618978465,1.540771544328079,True
iqm,ghz3,sup023_P021_ph001,standard,raw_conditional,3.8600857104085136,1.7593910417456387,0.8099726693942514,1.1512762963114875,0.2873379594866767,0.5828537310389622,1.7161865149269715,True
iqm,ghz3,sup023_P021_ph001,standard,readout_unconditional,3.6781817091243374,1.5007178805778887,0.6503400955625918,1.3270860435311518,0.2575016428092913,0.815239619618782,1.827308903845267,True
iqm,ghz3,sup023_P021_ph001,standard,readout_conditional,4.41420457465008,2.0036250187953564,0.9185234963825886,1.325478033441956,0.34004329627104646,0.6605765412952437,1.9940230186104715,True
iqm,ghz3,sup023_P021_ph011,optimal,raw_unconditional,3.0415859774235448,0.9626436769352148,0.3718469348204258,1.488145558373541,0.20995165977208444,1.0751483817259198,1.9004203908518058,True
iqm,ghz3,sup023_P021_ph011,optimal,raw_conditional,3.7888349652501243,1.4486543906951628,0.6056702317470232,1.497196415606822,0.3049600612897767,0.8941533638852585,2.088066512410329,True
iqm,ghz3,sup023_P021_ph011,optimal,readout_unconditional,3.514728477795755,1.0932381566892766,0.4227940337639837,1.7510461981811853,0.2461508783137515,1.2739005065712579,2.2430706475641045,True
iqm,ghz3,sup023_P021_ph011,optimal,readout_conditional,4.344226274769786,1.6666832115207328,0.7037676092458363,1.714627460974157,0.35776141616812734,1.0234527417080153,2.423219921817216,True
iqm,ghz3,sup023_P021_ph011,standard,raw_unconditional,3.122668113782197,1.0408459459286044,0.5343004953297661,1.5752767172547544,0.2077391448419079,1.178526436568817,1.9942487359331182,True
iqm,ghz3,sup023_P021_ph011,standard,raw_conditional,3.781745338309376,1.5044099327256424,0.8639098279872566,1.6368353008453478,0.2945436921987329,1.086030068996275,2.234501359309097,True
iqm,ghz3,sup023_P021_ph011,standard,readout_unconditional,3.626010411543244,1.1827787598540855,0.5994415592638448,1.8598944510989175,0.24448967762933768,1.3924867605313915,2.3466978414193806,True
iqm,ghz3,sup023_P021_ph011,standard,readout_conditional,4.348264740311385,1.7256941604951548,0.9877319714224864,1.8846083907435618,0.3460446862545306,1.2255719934666858,2.57548206716435,True
iqm,ghz3,sup023_P021_ph021,optimal,raw_unconditional,3.143560520675184,1.4970312809563726,0.7077796089510782,0.8572775677135172,0.21850810634154597,0.41848667164377584,1.2995385688600087,True
iqm,ghz3,sup023_P021_ph021,optimal,raw_conditional,3.7588391472937266,1.9637594827488123,0.9984916191491456,0.8298118009452476,0.2866621720129109,0.2595765478948695,1.3904837967319947,True
iqm,ghz3,sup023_P021_ph021,optimal,readout_unconditional,3.6394850098710707,1.687619725167549,0.8003776739133454,1.0646232334493178,0.2568545328746302,0.5468377687872523,1.575460550260049,True
iqm,ghz3,sup023_P021_ph021,optimal,readout_conditional,4.305279110216302,2.214294458848495,1.13586034906412,1.0125505415834324,0.33402939606853094,0.329840950778409,1.6674695858868944,True
iqm,ghz3,sup023_P021_ph021,standard,raw_unconditional,2.9428321335091674,1.1155813950976874,0.40804197921508106,1.1197113225288737,0.21234439424059326,0.7108942769222021,1.5378995215217164,True
iqm,ghz3,sup023_P021_ph021,standard,raw_conditional,3.4914571921527533,1.608279086825103,0.5927299717506372,0.8676289902531847,0.2972342735756707,0.30603438860286736,1.4613618436896365,True
iqm,ghz3,sup023_P021_ph021,standard,readout_unconditional,3.4199072971032773,1.258108714009773,0.4534945995841801,1.3571844686679113,0.247513855489484,0.8798331400823675,1.8358482575993909,True
iqm,ghz3,sup023_P021_ph021,standard,readout_conditional,4.01210038202585,1.8293171210816412,0.6654409238391176,1.0189070637016853,0.3455279995876318,0.37393783623793203,1.7041968609766918,True
iqm,two_qutrit,canonical_ez,optimal,raw_unconditional,4.636430561732521,2.6707759700248435,1.3778798477916765,0.6727584694745103,0.24588264647472033,0.19261683313170072,1.150466998399202,True
iqm,two_qutrit,canonical_ez,optimal,raw_conditional,4.900956034717394,3.0633046881990924,1.7229540362359348,0.49730069455514414,0.2816161249761618,-0.043627870380046264,1.0461875323376906,False
iqm,two_qutrit,canonical_ez,optimal,readout_unconditional,4.946237147303722,2.773636359422272,1.4519431210710938,0.8509075495302716,0.2611580465945478,0.34747168542404944,1.3668220104337352,True
iqm,two_qutrit,canonical_ez,optimal,readout_conditional,5.197388914539914,3.181855932461849,1.8118012083259065,0.6454782579421223,0.2973357248765249,0.07183636945071502,1.2361930506323824,True
iqm,two_qutrit,canonical_ez,standard,raw_unconditional,4.46306394185188,2.233011657557484,1.0178390935557564,1.0148797202926687,0.2382910801791641,0.5531000088625533,1.4871665881804932,True
iqm,two_qutrit,canonical_ez,standard,raw_conditional,4.7302275638075,2.5642901527653046,1.246294329655646,0.8479415879325372,0.2734753323267072,0.32410390700445546,1.3947154508750355,True
iqm,two_qutrit,canonical_ez,standard,readout_unconditional,4.758772854091679,2.321181058179801,1.0651922109385474,1.1816029486706239,0.2558826546334749,0.6845273249689425,1.6950200647103564,True
iqm,two_qutrit,canonical_ez,standard,readout_conditional,5.014756885280871,2.665315631784532,1.299950350024127,0.9840759717359342,0.2922812234612324,0.4204831597088336,1.565246453013671,True
iqm,two_qutrit,sup023_P021_ph000,optimal,raw_unconditional,4.2359549185986705,2.705156810275229,0.6059251622336739,-0.5684335397181133,0.2448590946837007,-1.0590525241675592,-0.08645379921670346,True
iqm,two_qutrit,sup023_P021_ph000,optimal,raw_conditional,4.622428314356507,3.213261133686572,0.8189457778515389,-0.9851481751650982,0.2950829502217117,-1.5763479818706514,-0.3992599299410773,True
iqm,two_qutrit,sup023_P021_ph000,optimal,readout_unconditional,4.499766047231278,2.9146465443212106,0.6850394888278027,-0.6444875525833408,0.27116023644544174,-1.1894050113309051,-0.10469278773917974,True
iqm,two_qutrit,sup023_P021_ph000,optimal,readout_conditional,4.905452698943435,3.4590185492277254,0.9297906181918009,-1.0827937813202149,0.3269132443616845,-1.7517605827716418,-0.4460066499020742,True
iqm,two_qutrit,sup023_P021_ph000,standard,raw_unconditional,4.253224844621688,2.8546970350490732,0.48180054922955706,-0.9743686762469018,0.23155423480479903,-1.4532752643203561,-0.5345792815760809,True
iqm,two_qutrit,sup023_P021_ph000,standard,raw_conditional,4.66124993069479,3.5246511674846883,0.6890001224495482,-1.699052281825038,0.2864203635740764,-2.277956258348595,-1.1542263883946429,True
iqm,two_qutrit,sup023_P021_ph000,standard,readout_unconditional,4.515458940343693,3.0770852544828062,0.5452693853216735,-1.0934421833002457,0.25850577149426684,-1.631792699211967,-0.5986503388682299,True
iqm,two_qutrit,sup023_P021_ph000,standard,readout_conditional,4.944719396906455,3.8044303385177423,0.7873543238733567,-1.8767869562556725,0.3202778159897575,-2.530238296711009,-1.2742882173370857,True
iqm,two_qutrit,sup023_P021_ph012,optimal,raw_unconditional,4.430347572118673,3.1558242790159374,0.6192664386325621,-1.26203454728064,0.23181687895315192,-1.7241427425038196,-0.7814373820654411,True
iqm,two_qutrit,sup023_P021_ph012,optimal,raw_conditional,4.850399777462911,3.7216072989022866,0.870818135486769,-1.7219966848548929,0.27452227841166316,-2.2531996619876713,-1.1571611152498438,True
iqm,two_qutrit,sup023_P021_ph012,optimal,readout_unconditional,4.704803528370058,3.392511377018789,0.694618280868164,-1.3856009447993558,0.261602630568699,-1.9042847843160713,-0.8482541408113392,True
iqm,two_qutrit,sup023_P021_ph012,optimal,readout_conditional,5.1463093188477815,3.9954942103147246,0.985009975659199,-1.8596691261224687,0.30903165800563814,-2.4841313256160125,-1.2284244612506594,True
iqm,two_qutrit,sup023_P021_ph012,standard,raw_unconditional,4.339505148301103,3.0601736145731704,0.5191466901616024,-1.2616953906836355,0.2312164105911843,-1.718292623100166,-0.8192211373302217,True
iqm,two_qutrit,sup023_P021_ph012,standard,raw_conditional,4.768074812788002,3.7493427520508256,0.7708262899719126,-1.9597844013417367,0.28603977341039777,-2.5254887332301204,-1.4276821332917575,True
iqm,two_qutrit,sup023_P021_ph012,standard,readout_unconditional,4.599517143101833,3.2872766210599846,0.5861583001597046,-1.3888777988584315,0.25809998144125246,-1.9148957344200144,-0.8934856845877504,True
iqm,two_qutrit,sup023_P021_ph012,standard,readout_conditional,5.050948201512162,4.030756624736299,0.8834414467042768,-2.1271236012561605,0.3213225530607662,-2.768154935751631,-1.5130287793297028,True
iqm,two_qutrit,sup023_P021_ph020,optimal,raw_unconditional,4.376624626376812,3.3021167440282446,0.49625825894799613,-1.731350602731681,0.24114572696426048,-2.2005468643800223,-1.2741831087483915,True
iqm,two_qutrit,sup023_P021_ph020,optimal,raw_conditional,4.76640228335935,3.8265744281131724,0.6883465955324211,-2.1983999773345744,0.2831062292213429,-2.748524865698645,-1.6575958943589049,True
iqm,two_qutrit,sup023_P021_ph020,optimal,readout_unconditional,4.651270570186328,3.557468009774851,0.5710042806552897,-1.892661168708084,0.2702574659447396,-2.415254201881951,-1.3783222129032147,True
iqm,two_qutrit,sup023_P021_ph020,optimal,readout_conditional,5.059735740181591,4.111999314472536,0.7976654819329261,-2.3665974068305555,0.3158502322595188,-2.956477652965572,-1.7640398327707496,True
iqm,two_qutrit,sup023_P021_ph020,standard,raw_unconditional,4.282390636589186,2.718855025526836,0.6069756198675357,-0.5483437945969497,0.23712105298405686,-1.0166665867235638,-0.08157607787996124,True
iqm,two_qutrit,sup023_P021_ph020,standard,raw_conditional,4.740064756447539,3.389156841454514,0.9032602302740735,-1.1349886961874156,0.2964378992115386,-1.6981967760928665,-0.5393505247797938,True
iqm,two_qutrit,sup023_P021_ph020,standard,readout_unconditional,4.544845385625853,2.9170691379786358,0.6729456878305308,-0.6163472025008881,0.26242776592492917,-1.1144115618836974,-0.08719565330245993,True
iqm,two_qutrit,sup023_P021_ph020,standard,readout_conditional,5.0285723850683866,3.642802848987176,1.0148599228036856,-1.2421733901022802,0.3292310442319957,-1.8601889601827333,-0.5733570097068865,True
