provider,state,name,variant,estimator,old_value,new_value,delta,se,ci95_low,ci95_high,relative_percent,old_se,new_se,se_reduction_percent,old_total_shots,new_total_shots
ibm,ame43,canonical_ez,optimal,raw_unconditional,3.9687427659061707,4.2938897566253935,0.3251469907192228,0.082244835262156,0.1706503696851259,0.4817861694224445,8.192695014462169,0.07478752202883202,0.03413715317695434,54.354480198188924,13312,65000
ibm,ame43,canonical_ez,optimal,raw_conditional,5.041652843500553,5.35235695047689,0.31070410697633744,0.09939790400840301,0.12256303510927812,0.5010272975822349,6.162742985703224,0.09119159270996358,0.0404244351212445,55.670875000708556,13312,65000
ibm,ame43,canonical_ez,optimal,readout_unconditional,4.338546757979411,4.568910652965339,0.23036389498592857,0.09536957929822526,0.045911792539997776,0.41292216241764934,5.309701792708483,0.0872706637817967,0.03847854568585999,55.908957238977685,13312,65000
ibm,ame43,canonical_ez,optimal,readout_conditional,5.429269250722964,5.612723583640325,0.18345433291736146,0.11106880076754445,-0.027765159100942016,0.3979058907164387,3.3789875661983904,0.1026485617333865,0.04394884527790235,57.18513290809416,13312,65000
ibm,ame43,canonical_ez,standard,raw_unconditional,3.762415198581762,4.189062465058858,0.42664726647709594,0.08361809202419355,0.25899555364127197,0.5893189956498667,11.339717813119618,0.07723473869737839,0.03468397817447741,55.09277462518987,13312,65000
ibm,ame43,canonical_ez,standard,raw_conditional,4.867275931454298,5.281456023908477,0.4141800924541794,0.10260150832271617,0.21132812779979115,0.6164724522321965,8.509484530712154,0.09537850926049092,0.04134145191310334,56.65538051114372,13312,65000
ibm,ame43,canonical_ez,standard,readout_unconditional,4.1133464487081035,4.457756246975138,0.34440979826703444,0.09802217174951279,0.15039552318020802,0.5326885278346806,8.372982985063285,0.09115390910821307,0.038834244144233414,57.397061163738506,13312,65000
ibm,ame43,canonical_ez,standard,readout_conditional,5.242910127166003,5.539558125127969,0.2966479979619656,0.11667490641620748,0.07717978655965903,0.5235138093944088,5.658079020368701,0.10920332315358215,0.044875010409870304,58.90691865964677,13312,65000
ibm,ame43,sup012_P210_ph002,optimal,raw_unconditional,3.5143487351718576,4.029150676723762,0.5148019415519043,0.08199011442031066,0.3556977352295103,0.6768499989357294,14.648573045689208,0.0744432369856923,0.03397748849887547,54.3578572417454,13312,65000
ibm,ame43,sup012_P210_ph002,optimal,raw_conditional,4.780930993324739,5.2038168177257065,0.4228858244009679,0.1039417818767404,0.22781186717541196,0.6253947434171658,8.845260996057299,0.095464928521743,0.04186383051714414,56.1474238074674,13312,65000
ibm,ame43,sup012_P210_ph002,optimal,readout_unconditional,3.8985565109147,4.288215907259306,0.389659396344606,0.09697395019037666,0.1980587926874277,0.5770366515354415,9.994965963778784,0.08899892687867111,0.03849389879880929,56.747906801970124,13312,65000
ibm,ame43,sup012_P210_ph002,optimal,readout_conditional,5.224054236968814,5.459892085754228,0.23583784878541358,0.11901594529526424,0.0028590304069349604,0.4662355066982674,4.514460189108895,0.110439436534581,0.04571820706910526,58.60336805069637,13312,65000
ibm,ame43,sup012_P210_ph002,standard,raw_unconditional,3.4234456169976086,3.928589240975033,0.5051436239774243,0.08192655651872183,0.3423432388852823,0.6678044189800104,14.75541546415566,0.07598807033635337,0.033453033184767944,55.975940648720865,13312,65000
ibm,ame43,sup012_P210_ph002,standard,raw_conditional,4.625069645887225,5.125241922769469,0.5001722768822434,0.10352730977825891,0.2965128793663214,0.6967129086832228,10.814372867379719,0.09719836539682078,0.04133288984099209,57.47573565435285,13312,65000
ibm,ame43,sup012_P210_ph002,standard,readout_unconditional,3.8058181688778787,4.180026288037214,0.3742081191593356,0.09697514651129466,0.1877436646956486,0.568485024658283,9.832527529019298,0.09037898841483587,0.03771645988086183,58.268552743979804,13312,65000
ibm,ame43,sup012_P210_ph002,standard,readout_conditional,5.06619805485931,5.377257187139747,0.31105913228043747,0.11911441033956778,0.0736299210289916,0.5543071356666855,6.139892852828385,0.11216044374848899,0.045059449086927,59.82589977267807,13312,65000
ibm,ame43,sup023_P021_ph000,optimal,raw_unconditional,3.470890134506925,3.897451170257233,0.426561035750308,0.0814076174311999,0.2618787074250626,0.5850457274849827,12.289672655135922,0.07404220737980571,0.0338180804073177,54.32594245354543,13312,65000
ibm,ame43,sup023_P021_ph000,optimal,raw_conditional,4.739802991556449,5.069976263983721,0.3301732724272721,0.1046742299445595,0.11954037209037274,0.5356977488354743,6.965970379263599,0.09606866339538549,0.042139045054864786,56.136534468648726,13312,65000
ibm,ame43,sup023_P021_ph000,optimal,readout_unconditional,3.8496639008503837,4.147779468178116,0.29811556732773203,0.09742177167068163,0.10434990189574471,0.481802049127683,7.743937523010226,0.08900252693044565,0.03802969322241575,57.2712207911406,13312,65000
ibm,ame43,sup023_P021_ph000,optimal,readout_conditional,5.182290665443326,5.320203641469372,0.1379129760260458,0.12078662163895726,-0.10689668122738927,0.3821928073067767,2.6612358304346064,0.11164147751818637,0.04587712091286494,58.90674153305472,13312,65000
ibm,ame43,sup023_P021_ph000,standard,raw_unconditional,3.276295870047904,3.908539761330412,0.6322438912825077,0.08278485760486817,0.4791255898787987,0.7912412656258688,19.297521236177715,0.07455923422801378,0.03409951826159813,54.26519784616286,13312,65000
ibm,ame43,sup023_P021_ph000,standard,raw_conditional,4.401334021115393,5.061617932058018,0.6602839109426251,0.10692159521105879,0.4608629422142601,0.8698659151385021,15.001904144855036,0.09700021034010192,0.041967952525238925,56.734163381614344,13312,65000
ibm,ame43,sup023_P021_ph000,standard,readout_unconditional,3.638333144890651,4.15894149508561,0.5206083501949594,0.09751936871656094,0.33899675605965907,0.7106440999450113,14.308979674553859,0.08858925346679505,0.03842393841847135,56.62686283627689,13312,65000
ibm,ame43,sup023_P021_ph000,standard,readout_conditional,4.814403298976439,5.310567727322336,0.4961644283458977,0.12186299262583557,0.2722053947143751,0.7313478445638767,10.305834337796009,0.11137792143139412,0.04582079566365945,58.860072916799886,13312,65000
ibm,ame43,sup023_P021_ph011,optimal,raw_unconditional,3.3397018244101178,3.93095026682698,0.591248442416862,0.08031099819306071,0.4347257410316818,0.752753267499011,17.70362965026953,0.07415718634436827,0.0326193344328619,56.013252334864085,13312,65000
ibm,ame43,sup023_P021_ph011,optimal,raw_conditional,4.562769885455286,5.080877008740602,0.5181071232853158,0.10431880584999581,0.310936007311335,0.7202796536071585,11.355100877142252,0.09753911473534345,0.040242004268929384,58.742700937855005,13312,65000
ibm,ame43,sup023_P021_ph011,optimal,readout_unconditional,3.710177361919591,4.183533888432811,0.4733565265132196,0.09582648974811783,0.2863833716192896,0.6592688969729326,12.758326094370645,0.08939470104719084,0.03688156769798818,58.74300460100128,13312,65000
ibm,ame43,sup023_P021_ph011,optimal,readout_conditional,4.9958045587798665,5.331204055228904,0.3353994964490372,0.1210173240419514,0.09102201253350366,0.5626297125528695,6.713623251325756,0.11420455491650099,0.044019087065166704,61.45592695724736,13312,65000
ibm,ame43,sup023_P021_ph011,standard,raw_unconditional,3.3274845610148067,3.911757810629795,0.5842732496149883,0.08132032147490562,0.42784205262705216,0.7481757549136704,17.55900707881266,0.07326568913653764,0.033948599264293285,53.66371399165193,13312,65000
ibm,ame43,sup023_P021_ph011,standard,raw_conditional,4.532968434908566,5.060205028897589,0.5272365939890227,0.10360699954787728,0.3291581827977388,0.734493849650719,11.631155203481082,0.09448117553707808,0.04182158931660826,55.73553241809967,13312,65000
ibm,ame43,sup023_P021_ph011,standard,readout_unconditional,3.6864223225252584,4.162869338487826,0.47644701596256755,0.09646180985083619,0.291620055627476,0.6689450749109194,12.924374211042474,0.08756170526903445,0.03817310335860501,56.40433995510061,13312,65000
ibm,ame43,sup023_P021_ph011,standard,readout_conditional,4.946593570962885,5.309709693046828,0.3631161220839427,0.11903462546369752,0.1287479732841905,0.5972880937124008,7.340730886310919,0.10931933377575899,0.04556561351906187,58.31879691791004,13312,65000
ibm,ghz3,canonical_ez,optimal,raw_unconditional,3.5791896416976847,3.940600798927445,0.36141115722976025,0.07334136850384854,0.22132418576959959,0.5089553715051626,10.097569377696773,0.06627834696077413,0.030845720643353437,53.4603349995904,12288,60000
ibm,ghz3,canonical_ez,optimal,raw_conditional,4.094509065336654,4.423680329328761,0.32917126399210694,0.0822969671768416,0.17135005091870187,0.4944256059830178,8.039334111598608,0.07499421476355318,0.03387127622002376,54.83481448960376,12288,60000
ibm,ghz3,canonical_ez,optimal,readout_unconditional,4.031354135709419,4.166334696422554,0.13498056071313513,0.09271640016750657,-0.042961753792005064,0.3209305604485328,3.3482685015808435,0.08524118946523764,0.03465729012567386,59.34208527227614,12288,60000
ibm,ghz3,canonical_ez,optimal,readout_conditional,4.508352157624878,4.619647695728894,0.11129553810401571,0.09779079889291953,-0.07552716975240951,0.30988007263608197,2.46865227499551,0.0903661790832823,0.03659229868473027,59.50664390600551,12288,60000
ibm,ghz3,canonical_ez,standard,raw_unconditional,3.542390700275771,3.931264847469916,0.38887414719414526,0.07380889629863437,0.24680932636995762,0.5304049245546881,10.977731709940178,0.06578034054018951,0.030631539314728767,53.43359571692403,12288,60000
ibm,ghz3,canonical_ez,standard,raw_conditional,4.0945991175215015,4.437023046860609,0.34242392933910715,0.08323244669564843,0.17993091791671664,0.5024055152807481,8.362819399677385,0.07461296055510612,0.033951037341096835,54.497131478891035,12288,60000
ibm,ghz3,canonical_ez,standard,readout_unconditional,3.9902133598110874,4.156387682380263,0.16617432256917564,0.09122976085272498,-0.011041739181372011,0.3425670183573242,4.164547295712603,0.08301582800928595,0.03413543164218697,58.88081530865576,12288,60000
ibm,ghz3,canonical_ez,standard,readout_conditional,4.509555878962668,4.633401796515398,0.12384591755273,0.09745160467361386,-0.06532620128330187,0.31065374062509543,2.746299655149594,0.08878127306420747,0.03642225513809198,58.97529526102756,12288,60000
ibm,ghz3,sup023_P021_ph001,optimal,raw_unconditional,3.4612028352825153,4.041111978807208,0.5799091435246924,0.07296729711713307,0.4413616191877155,0.7207266808649413,16.754555312773462,0.06751718346136464,0.030578409697376335,54.71018172007393,12288,60000
ibm,ghz3,sup023_P021_ph001,optimal,raw_conditional,4.043625775002057,4.57392391436227,0.5302981393602133,0.08285160545343342,0.37332740222208216,0.6909312774515208,13.114421780535404,0.07679310306491315,0.03365140039238356,56.17913712389242,12288,60000
ibm,ghz3,sup023_P021_ph001,optimal,readout_unconditional,3.899133399076904,4.273293240473922,0.3741598413970184,0.09014360956047124,0.19425957116534942,0.5384138376907307,9.595974364088145,0.08375934035039734,0.0343922550188125,58.9392002432964,12288,60000
ibm,ghz3,sup023_P021_ph001,optimal,readout_conditional,4.456535079618106,4.7772819250021685,0.32074684538406295,0.09682249053323275,0.12788343644193548,0.5052499989610408,7.197224741952413,0.08998777706201959,0.036452623401984026,59.49158364378657,12288,60000
ibm,ghz3,sup023_P021_ph001,standard,raw_unconditional,3.39897391419124,3.9543643961657136,0.5553904819744737,0.07320843771975018,0.40568779417097245,0.6969453579002761,16.339945406925096,0.06722275075819811,0.030135692840188535,55.17039618240651,12288,60000
ibm,ghz3,sup023_P021_ph001,standard,raw_conditional,3.978524017706549,4.5190421236871225,0.5405181059805737,0.08352888304252917,0.3725163042813392,0.7029810946841542,13.58589526103099,0.07729549692001808,0.03356112048213484,56.58075590501426,12288,60000
ibm,ghz3,sup023_P021_ph001,standard,readout_unconditional,3.8342288192451885,4.1821331728869335,0.347904353641745,0.09120973139202024,0.1498261590129377,0.5160518491875988,9.073646097893393,0.08515536361577944,0.03458340138445994,59.38787656347746,12288,60000
ibm,ghz3,sup023_P021_ph001,standard,readout_conditional,4.3891542795595955,4.721243832088725,0.33208955252912986,0.09829254806432015,0.1261650147344201,0.5138162224291917,7.566139884297972,0.09200862418628006,0.0368503320779542,59.94904564234407,12288,60000
ibm,ghz3,sup023_P021_ph011,optimal,raw_unconditional,3.416676032921227,4.023545605376938,0.6068695724557114,0.07543912475344783,0.460740100726554,0.758522360507567,17.76198757529971,0.06956471251645378,0.02939631060558995,57.7424968174245,12288,60000
ibm,ghz3,sup023_P021_ph011,optimal,raw_conditional,3.9558305998625776,4.559545050339159,0.603714450476581,0.08560679149389737,0.4332203859670912,0.7732068079709074,15.261382792720031,0.0792713953579503,0.03270994595466257,58.7367602059221,12288,60000
ibm,ghz3,sup023_P021_ph011,optimal,readout_unconditional,3.8543698698106086,4.254919604688303,0.4005497348776945,0.09396941221817323,0.21725854503156783,0.5917891492637705,10.39209386766445,0.08749915514857459,0.033760403973041475,61.416308630962305,12288,60000
ibm,ghz3,sup023_P021_ph011,optimal,readout_conditional,4.363994705427996,4.762255705858912,0.3982610004309164,0.10057010163220127,0.20569825828402916,0.6016704518679875,9.126065160793022,0.09392344412568557,0.03597339203267284,61.69924094293826,12288,60000
ibm,ghz3,sup023_P021_ph011,standard,raw_unconditional,3.383570187139251,3.8348308106188527,0.4512606234796017,0.07412932419890422,0.30632582361772015,0.5982701828554573,13.336818760101874,0.06764433768104264,0.03041387487448988,55.03855028059002,12288,60000
ibm,ghz3,sup023_P021_ph011,standard,raw_conditional,3.935271985024747,4.373102214076113,0.4378302290513658,0.08412854068462187,0.27534417386287635,0.6091359881757517,11.125793356024223,0.0771885985408084,0.03383892706910055,56.160718410750206,12288,60000
ibm,ghz3,sup023_P021_ph011,standard,readout_unconditional,3.8131721052310574,4.055309550727287,0.24213744549622973,0.09021080620926852,0.06513940292652665,0.42398450678746474,6.3500266658317415,0.0839155117277677,0.034280395235241935,59.14891713173153,12288,60000
ibm,ghz3,sup023_P021_ph011,standard,readout_conditional,4.337867883641578,4.568334190514715,0.2304663068731374,0.09719103359729976,0.041139754881274415,0.41698202355264224,5.31289363934395,0.09058899458673365,0.0367699829961236,59.41009924674846,12288,60000
ibm,ghz3,sup023_P021_ph021,optimal,raw_unconditional,3.3996695589941712,3.759147796685008,0.359478237690837,0.07347164978281091,0.22208035944286392,0.5056467515892746,10.573917007310337,0.06778158489602874,0.030156126851414757,55.50985286391323,12288,60000
ibm,ghz3,sup023_P021_ph021,optimal,raw_conditional,3.988247273919025,4.315993322441098,0.32774604852207245,0.08363470199956297,0.1664684412390742,0.49731471185538084,8.217796591133,0.0776852944193256,0.033853050978274325,56.42283236317017,12288,60000
ibm,ghz3,sup023_P021_ph021,optimal,readout_unconditional,3.8310620786216245,3.975876841678879,0.1448147630572545,0.09170622273092673,-0.03417822913983822,0.32062118953253466,3.780016091761095,0.08605605963542232,0.033623838827126565,60.92798232968786,12288,60000
ibm,ghz3,sup023_P021_ph021,optimal,readout_conditional,4.396504299180754,4.5093353833123775,0.11283108413162335,0.09879890994572678,-0.0785854103080722,0.3059468738870866,2.566381753627497,0.0928723317986311,0.03663858045917503,60.549520239659714,12288,60000
ibm,ghz3,sup023_P021_ph021,standard,raw_unconditional,3.3598562857731227,3.8425391533892057,0.48268286761608303,0.07342847218461448,0.3383790733819588,0.6233176839289912,14.366176007585242,0.06658858660404604,0.03132379712146749,52.95921010048259,12288,60000
ibm,ghz3,sup023_P021_ph021,standard,raw_conditional,3.9835048197382106,4.36509747922583,0.38159265948761956,0.08392928385917968,0.21734340346103154,0.5431599797779608,9.579319638245027,0.07678121071592388,0.03456605870409135,54.98109709160578,12288,60000
ibm,ghz3,sup023_P021_ph021,standard,readout_unconditional,3.78838680549968,4.06391567760652,0.2755288721068401,0.09076553464919163,0.0907372588988011,0.4483846112444555,7.2729867949822085,0.08370964949787553,0.03507040842569663,58.10470043052004,12288,60000
ibm,ghz3,sup023_P021_ph021,standard,readout_conditional,4.39583589778218,4.5600394637100745,0.16420356592789442,0.09832974793104558,-0.03298708923716935,0.3466585087846258,3.735434391687361,0.09104787650039438,0.03734583204193002,58.98220422332612,12288,60000
ibm,two_qutrit,canonical_ez,optimal,raw_unconditional,4.155395434388367,4.4685737381839505,0.313178303795584,0.08045176169759422,0.16013593044697544,0.46833075455217904,7.536666696118675,0.07351526493468595,0.03281135127925944,55.36797519751793,9216,45000
ibm,two_qutrit,canonical_ez,optimal,raw_conditional,4.503029620079511,4.801561756991397,0.29853213691188607,0.0851076367498682,0.13832732014894025,0.46234162098141757,6.629584126666589,0.07790227076967829,0.034474078216843694,55.74701754359906,9216,45000
ibm,two_qutrit,canonical_ez,optimal,readout_unconditional,4.467083686514545,4.579946950362845,0.11286326384829959,0.09115419030243622,-0.06814929587328081,0.29172736338818406,2.5265536033949134,0.08450460240489838,0.034682214024276126,58.95819513107875,9216,45000
ibm,two_qutrit,canonical_ez,optimal,readout_conditional,4.794794396910151,4.892840467091375,0.09804607018122358,0.09371903565587994,-0.08799044582226474,0.2764831042129217,2.04484409684816,0.0870433293010093,0.03580472451443165,58.8656307129368,9216,45000
ibm,two_qutrit,canonical_ez,standard,raw_unconditional,4.266725132816228,4.513204723852513,0.2464795910362847,0.08124864140135882,0.08311652347429292,0.4014744416010628,5.77678625558889,0.07461698797156685,0.033291451343691984,55.38354971340059,9216,45000
ibm,two_qutrit,canonical_ez,standard,raw_conditional,4.640148248571774,4.854924102353152,0.21477585378137842,0.0872778644979339,0.03840865736259245,0.3804110932949223,4.628642066500481,0.08009718028738942,0.035448453676627766,55.743194018268326,9216,45000
ibm,two_qutrit,canonical_ez,standard,readout_unconditional,4.575629318581563,4.6253648891254215,0.049735570543858465,0.093211207348166,-0.13685406537318967,0.22755134871705238,1.0869667772667477,0.0867504586943815,0.035109861574576476,59.52775108859406,9216,45000
ibm,two_qutrit,canonical_ez,standard,readout_conditional,4.929899719370061,4.946652225857594,0.016752506487533125,0.09699610289183175,-0.17245433287753248,0.1989830493690316,0.3398143459533442,0.09015353896715408,0.03676478968475458,59.21980422959413,9216,45000
ibm,two_qutrit,sup023_P021_ph000,optimal,raw_unconditional,4.401241828418292,4.680033699282013,0.2787918708637207,0.0817721916866784,0.11735729260596664,0.4451658385793257,6.33439110442864,0.07407516882781343,0.03337889521176409,54.93915742621821,9216,45000
ibm,two_qutrit,sup023_P021_ph000,optimal,raw_conditional,4.883229640829377,5.030867698393296,0.14763805756391868,0.08863678682817772,-0.0235171148258706,0.32402645099238253,3.0233691311482853,0.08072472035079645,0.03513866488351592,56.47099831276252,9216,45000
ibm,two_qutrit,sup023_P021_ph000,optimal,readout_unconditional,4.727161512836538,4.796942374197947,0.0697808613614086,0.09377977834169048,-0.11841096801110824,0.2511594996898248,1.4761683342513194,0.08636706427969397,0.0355395743843463,58.85054716083232,9216,45000
ibm,two_qutrit,sup023_P021_ph000,optimal,readout_conditional,5.2003366679744945,5.126312824235869,-0.07402384373862514,0.09935416279825912,-0.2694889779919637,0.12300679931392966,-1.423443297325153,0.09168112034153396,0.03658768884023143,60.092450109756946,9216,45000
ibm,two_qutrit,sup023_P021_ph000,standard,raw_unconditional,4.281247142845362,4.675942173614361,0.39469503076899937,0.08130462210067957,0.24030137913692048,0.5498226593695001,9.2191601559045,0.072627221812794,0.034057837303887,53.1059615750201,9216,45000
ibm,two_qutrit,sup023_P021_ph000,standard,raw_conditional,4.731935961869675,5.018758279411779,0.2868223175421045,0.08791165162434063,0.11863894076706483,0.4475267010301966,6.061415874038493,0.07881383703957405,0.036056909420506,54.250534202006826,9216,45000
ibm,two_qutrit,sup023_P021_ph000,standard,readout_unconditional,4.594984440881902,4.793279892523882,0.1982954516419806,0.09227435922434567,0.01579951045066441,0.37472043822047485,4.315476019412208,0.0837500017164312,0.035899389500510574,57.13505819132736,9216,45000
ibm,two_qutrit,sup023_P021_ph000,standard,readout_conditional,5.0342492165007675,5.1147279926085005,0.08047877610773302,0.09739627466246209,-0.11248677369352422,0.2656314936953785,1.598625190106751,0.08856501696405712,0.03722965813919619,57.96347201705463,9216,45000
ibm,two_qutrit,sup023_P021_ph012,optimal,raw_unconditional,4.28037515463786,4.692744745887232,0.4123695912493721,0.0812733439910154,0.25667993485701446,0.5721335314360694,9.633959088902817,0.07396310825871943,0.032456187326655346,56.11841079863065,9216,45000
ibm,two_qutrit,sup023_P021_ph012,optimal,raw_conditional,4.7293027619303505,5.0194904182213,0.2901876562909491,0.08731765699110336,0.1229815809831574,0.4639125149772405,6.135950073378338,0.07965882583467403,0.0340992488835387,57.19338249560801,9216,45000
ibm,two_qutrit,sup023_P021_ph012,optimal,readout_unconditional,4.598736396016604,4.809700513004381,0.2109641169877765,0.09272560994304287,0.03317050621126967,0.393244772656772,4.587436609119676,0.08590089890608017,0.034448373921456894,59.89753965308202,9216,45000
ibm,two_qutrit,sup023_P021_ph012,optimal,readout_conditional,5.038755652266878,5.114398782629118,0.07564313036224046,0.0972276898801119,-0.11010011598785159,0.2712983778257867,1.5012264055354518,0.09003239061145421,0.03534534181074875,60.74152694302444,9216,45000
ibm,two_qutrit,sup023_P021_ph012,standard,raw_unconditional,4.406108441935614,4.579428728211834,0.17332028627621998,0.08296605432125129,0.006343043933429349,0.33448760191706756,3.9336364177201224,0.07502205435189843,0.03352363437653769,55.3149608256637,9216,45000
ibm,two_qutrit,sup023_P021_ph012,standard,raw_conditional,4.865475167191089,4.8996495778343,0.03417441064321025,0.08941362836399806,-0.14631651124514247,0.2087822742989834,0.7023858815199676,0.08093591392396236,0.03536702352964934,56.30243508107422,9216,45000
ibm,two_qutrit,sup023_P021_ph012,standard,readout_unconditional,4.73669175698033,4.693530767584614,-0.043160989395716776,0.09423980173421784,-0.23139193421697796,0.13296645068048105,-0.911205364632639,0.08698013589649489,0.03517604140561292,59.55853478146791,9216,45000
ibm,two_qutrit,sup023_P021_ph012,standard,readout_conditional,5.187266755970686,4.992161419021754,-0.19510533694893262,0.09918182797142175,-0.38928726236209255,-0.008243995578857966,-3.761235851700918,0.0913412403393232,0.03655842400174437,59.975993465893794,9216,45000
ibm,two_qutrit,sup023_P021_ph020,optimal,raw_unconditional,4.329783776103602,4.683551869453006,0.3537680933494043,0.08049038794085045,0.19492508238559472,0.5127564557069723,8.170571826285569,0.07239537265733753,0.03339991519525158,53.864571768501854,9216,45000
ibm,two_qutrit,sup023_P021_ph020,optimal,raw_conditional,4.768152010543466,5.011319043552473,0.24316703300900677,0.08619820211005107,0.07750325239047269,0.4124332828419389,5.099817129808557,0.07774498946278705,0.03527481098101325,54.62754419961986,9216,45000
ibm,two_qutrit,sup023_P021_ph020,optimal,readout_unconditional,4.647135004606753,4.800223852248835,0.1530888476420822,0.0923334302122426,-0.03049279018987303,0.331382291228776,3.294262970417766,0.08420835470922106,0.035207588017973246,58.18991103727393,9216,45000
ibm,two_qutrit,sup023_P021_ph020,optimal,readout_conditional,5.071911350531051,5.105965719836071,0.034054369305019705,0.09619948038182168,-0.15230302785864197,0.22373063283825378,0.6714306885796429,0.08785861199828877,0.036459720561749766,58.50182499757691,9216,45000
ibm,two_qutrit,sup023_P021_ph020,standard,raw_unconditional,4.266750517865507,4.589609103313548,0.32285858544804125,0.07906559325438099,0.17240209260052594,0.48362167603382156,7.56684938798707,0.07118028477069654,0.03348698575435253,52.95468982425534,9216,45000
ibm,two_qutrit,sup023_P021_ph020,standard,raw_conditional,4.73192790792472,4.92085592118581,0.18892801326108977,0.0856964037580244,0.027798803641666894,0.3555189263460012,3.992622392760583,0.07732643340379136,0.0352721502783837,54.38539096430861,9216,45000
ibm,two_qutrit,sup023_P021_ph020,standard,readout_unconditional,4.5850477029654515,4.70370246948791,0.11865476652245821,0.09171590711682984,-0.051725838817489024,0.30092002706983684,2.5878632941095985,0.08360127206834517,0.03531727162380079,57.75510258393144,9216,45000
ibm,two_qutrit,sup023_P021_ph020,standard,readout_conditional,5.042968891421597,5.01380431025087,-0.02916458117072729,0.09676531253197881,-0.20834936477580232,0.16068797626113315,-0.5783216553316054,0.08830312990189328,0.036423016690377126,58.75229255084854,9216,45000
iqm,ame43,canonical_ez,optimal,raw_unconditional,3.4208723219045662,1.4281889684153029,-1.9926833534892634,0.0870304045532403,-2.1695036825880414,-1.8207084731641414,-58.250737413661774,0.07924225046811609,0.03309048641530106,58.241359603214015,13312,65000
iqm,ame43,canonical_ez,optimal,raw_conditional,4.177343549168489,2.02914063564097,-2.148202913527519,0.10617784216975755,-2.35821239562907,-1.9415940762932589,-51.42509559586317,0.09364154687253444,0.04680439886258572,50.017486440825024,13312,65000
iqm,ame43,canonical_ez,optimal,readout_unconditional,3.864260656703661,1.6026042664179039,-2.261656390285757,0.10344174528245288,-2.46935296322518,-2.0558104074568537,-58.527531944882384,0.0948659868032811,0.03800393005651397,59.93935093373261,13312,65000
iqm,ame43,canonical_ez,optimal,readout_conditional,4.667650806992004,2.2852031870524705,-2.3824476199395335,0.12381020633444388,-2.6296366620952902,-2.136707756345242,-51.041684960038076,0.10960091176464434,0.05393471259225831,50.789905189769726,13312,65000
iqm,ame43,canonical_ez,standard,raw_unconditional,3.263028098045165,1.1985803525371876,-2.0644477455079775,0.08401391528929816,-2.2251832785589065,-1.9004409624668972,-63.2678507042204,0.07838720446226899,0.0323685332606438,58.70686614902293,13312,65000
iqm,ame43,canonical_ez,standard,raw_conditional,4.0068338356569075,1.7493449755265473,-2.25748886013036,0.1041744746261896,-2.4590488756067312,-2.0541257285364414,-56.340965278892135,0.0941672126309987,0.0469240666558499,50.16942166513372,13312,65000
iqm,ame43,canonical_ez,standard,readout_unconditional,3.685378064242211,1.3507993474549502,-2.334578716787261,0.09930372343292501,-2.5242155083871776,-2.144874726494717,-63.34706171501833,0.0926053369430991,0.03701408487485651,60.030289725526686,13312,65000
iqm,ame43,canonical_ez,standard,readout_conditional,4.480360502022908,1.9767760497225664,-2.503584452300341,0.12120433686396323,-2.735562661879163,-2.272796335172454,-55.87908497921002,0.10919704473736913,0.0538378913466697,50.696567406054136,13312,65000
iqm,ame43,sup012_P210_ph002,optimal,raw_unconditional,2.545048156021294,0.7358430636089283,-1.8092050924123657,0.10970882046012348,-2.022952906933699,-1.6006104053114807,-71.0872636390786,0.10565120652757375,0.031467801666087994,70.21538825694786,6656,65000
iqm,ame43,sup012_P210_ph002,optimal,raw_conditional,3.245528688496037,1.129539602097656,-2.115989086398381,0.14021280335636957,-2.387315979893546,-1.8428163346386117,-65.19705383898241,0.13286907664798525,0.04763748456167215,64.14704928831573,6656,65000
iqm,ame43,sup012_P210_ph002,optimal,readout_unconditional,2.911573631512348,0.8672574248864788,-2.044316206625869,0.12948592922086133,-2.295637028112181,-1.7908500017812206,-70.21344693123895,0.12505573273380488,0.03658741493672666,70.74311258116646,6656,65000
iqm,ame43,sup012_P210_ph002,optimal,readout_conditional,3.670795153925933,1.3307870284358454,-2.3400081254900877,0.16322494300838766,-2.662298713264419,-2.025072509716786,-63.74662783858799,0.155156632663969,0.05539099116160723,64.29995275705008,6656,65000
iqm,ame43,sup012_P210_ph002,standard,raw_unconditional,2.7731929013805576,0.7137378646861353,-2.0594550366944224,0.11131163098319963,-2.2818300620181815,-1.8426443664208523,-74.26295645244078,0.10762200682848197,0.02967141608868928,72.42997323402746,6656,65000
iqm,ame43,sup012_P210_ph002,standard,raw_conditional,3.563466196398482,1.1291771883201818,-2.4342890080783004,0.1416605440644831,-2.7024316703994464,-2.162423246961932,-68.31239231449939,0.13403235883088233,0.046471002296661686,65.32852014094799,6656,65000
iqm,ame43,sup012_P210_ph002,standard,readout_unconditional,3.166656675205087,0.8448432223078773,-2.3218134528972096,0.13155567864221593,-2.597798580059479,-2.069958254275191,-73.3206561695495,0.12774605486344356,0.03467365654058863,72.85735627792683,6656,65000
iqm,ame43,sup012_P210_ph002,standard,readout_conditional,4.025415905146198,1.3391516305197597,-2.686264274626438,0.16509788693724797,-3.019280519398804,-2.369647348316231,-66.73258957396791,0.15694976355811585,0.054447434152543966,65.30900530322685,6656,65000
iqm,ame43,sup023_P021_ph000,optimal,raw_unconditional,2.565010319813505,0.576225503418078,-1.9887848163954271,0.10557655714530603,-2.192778028179226,-1.7852140693452396,-77.53515847608855,0.10272505142358788,0.027999602901433322,72.74316000487879,6656,65000
iqm,ame43,sup023_P021_ph000,optimal,raw_conditional,3.8487527113541056,1.0127647852476944,-2.8359879261064114,0.15430891359068338,-3.143141766510742,-2.5316827787648077,-73.68589615383802,0.14771435034973687,0.04952846501518075,66.47010605407372,6656,65000
iqm,ame43,sup023_P021_ph000,optimal,readout_unconditional,2.985633934836475,0.6695903770832855,-2.3160435577531895,0.12973792261508293,-2.5692800610622943,-2.065376235229049,-77.57292448781202,0.1263959502845825,0.032191922678879985,74.53089073945853,6656,65000
iqm,ame43,sup023_P021_ph000,optimal,readout_conditional,4.457702653648308,1.1886645753389284,-3.2690380783093795,0.18927350541254995,-3.6493076893271783,-2.903829765459576,-73.33459255372064,0.18129426474835286,0.057555861994553155,68.25279493841458,6656,65000
iqm,ame43,sup023_P021_ph000,standard,raw_unconditional,2.3558422832249217,0.645338669283569,-1.7105036139413528,0.10777344098585674,-1.9217957277145874,-1.5000928425527758,-72.60688145896752,0.10412117467903206,0.029403359788188067,71.76044173644026,6656,65000
iqm,ame43,sup023_P021_ph000,standard,raw_conditional,3.4471376816884898,1.1473293930656996,-2.29980828862279,0.15701671574025336,-2.6159417700094023,-1.9930310310978416,-66.71646162668762,0.14895080368778849,0.052098569365311515,65.02296860746462,6656,65000
iqm,ame43,sup023_P021_ph000,standard,readout_unconditional,2.7272972628606866,0.7525509606806103,-1.9747463021800762,0.12996062993146806,-2.2371765497803695,-1.7190493881097877,-72.4067130148016,0.1258235159583758,0.03415209391766855,72.85714545684246,6656,65000
iqm,ame43,sup023_P021_ph000,standard,readout_conditional,3.9673321773754457,1.354310361984957,-2.6130218153904887,0.1884805905197266,-2.984064818053238,-2.2565159061755797,-65.86344925418146,0.17896856686991702,0.06131862159343107,65.73777023202047,6656,65000
iqm,ame43,sup023_P021_ph011,optimal,raw_unconditional,2.589922453997538,0.5788400363521066,-2.011082417645431,0.10867495663742646,-2.2314557400553765,-1.8020224378208498,-77.65029468512972,0.10459183057861846,0.028952246424206924,72.31882617979,6656,65000
iqm,ame43,sup023_P021_ph011,optimal,raw_conditional,3.7973634406029824,1.0594199298148685,-2.7379435107881136,0.15841152847679785,-3.042730914031307,-2.431415276106592,-72.10117107867232,0.14856307574320474,0.05323030453620044,64.16989600551186,6656,65000
iqm,ame43,sup023_P021_ph011,optimal,readout_unconditional,3.0057350130482527,0.6739370929081674,-2.3317979201400854,0.13058692269326846,-2.5896918225830197,-2.089427445372561,-77.57829316348493,0.1258746552280002,0.03371393843322374,73.21626154831824,6656,65000
iqm,ame43,sup023_P021_ph011,optimal,readout_conditional,4.382705183886775,1.2468357744877552,-3.1358694093990196,0.18887266999080113,-3.5029227340763804,-2.7705127671992216,-71.55100053109193,0.177290982624482,0.0627078374610545,64.62999046382679,6656,65000
iqm,ame43,sup023_P021_ph011,standard,raw_unconditional,2.6899141350285047,0.5580749798744344,-2.1318391551540703,0.1075118355011707,-2.3422985035646104,-1.9286854716126853,-79.25305597650534,0.10309861120301389,0.02863825423847622,72.22246361584448,6656,65000
iqm,ame43,sup023_P021_ph011,standard,raw_conditional,3.9506445934433216,1.0293612888993722,-2.9212833045439495,0.15477318995107842,-3.2249768781255503,-2.624213590695615,-73.94447248917938,0.14488242441061017,0.052368854867365186,63.854238993856825,6656,65000
iqm,ame43,sup023_P021_ph011,standard,readout_unconditional,3.097045628548215,0.6467526642906153,-2.4502929642575997,0.12891480048149548,-2.707087702899704,-2.2094574936340776,-79.11710895283807,0.12387817767897245,0.033162671883210544,73.2296095207738,6656,65000
iqm,ame43,sup023_P021_ph011,standard,readout_conditional,4.525466238217757,1.2071537289233516,-3.3183125092944055,0.18499480009993924,-3.68117217393328,-2.965450724718139,-73.32531798096544,0.17334108006274324,0.06155957608310485,64.48644714754143,6656,65000
iqm,ghz3,canonical_ez,optimal,raw_unconditional,3.5469625492292787,3.0968591674122603,-0.45010338181701837,0.10003248631117034,-0.6461047315859684,-0.25173262167328236,-12.689826170135955,0.09484597803120197,0.030921938636939404,67.39773337909294,6144,60000
iqm,ghz3,canonical_ez,optimal,raw_conditional,3.9144415218222233,3.51818153383604,-0.3962599879861832,0.1091579954440419,-0.6081690931950214,-0.17887645687472034,-10.123027404474268,0.1032163531795801,0.03439296971656647,66.67875907538784,6144,60000
iqm,ghz3,canonical_ez,optimal,readout_unconditional,4.008297179796307,3.455678026011125,-0.5526191537851823,0.12226302247280448,-0.7903774149774524,-0.31325709197491614,-13.786880787448629,0.11638791577374528,0.03709093209446793,68.1316296044242,6144,60000
iqm,ghz3,canonical_ez,optimal,readout_conditional,4.368705805539768,3.8850559675400946,-0.483649837999673,0.12978932052937223,-0.735011356885046,-0.22830013379211075,-11.07078067345202,0.12300413545860955,0.04044131925317677,67.12198406793802,6144,60000
iqm,ghz3,canonical_ez,standard,raw_unconditional,3.5262037690826644,2.402084962600711,-1.1241188064819534,0.10336586104387718,-1.318582684440619,-0.9211786819816729,-31.879008704434312,0.09840102375264069,0.030187825032550658,69.3216352012389,6144,60000
iqm,ghz3,canonical_ez,standard,raw_conditional,3.866292467553302,2.7786094213081194,-1.0876830462451825,0.11228422893604378,-1.2975884162039084,-0.8610195544307357,-28.132456490894977,0.106366403675078,0.03445279329417744,67.60932766005527,6144,60000
iqm,ghz3,canonical_ez,standard,readout_unconditional,3.93582801081942,2.6557571873119734,-1.2800708235074465,0.12149688742898258,-1.51677365446531,-1.042614988734594,-32.52354574408707,0.11638840512625112,0.033989530487056586,70.79646340184247,6144,60000
iqm,ghz3,canonical_ez,standard,readout_conditional,4.266326595976668,3.0607806176181507,-1.2055459783585176,0.1291849183872602,-1.4558564874761535,-0.9557079002928865,-28.25723608444323,0.12282303077738983,0.03866310047380563,68.52129423195848,6144,60000
iqm,ghz3,sup023_P021_ph001,optimal,raw_unconditional,3.199804719554593,3.0511455856580088,-0.14865913389658436,0.10126978983463271,-0.3501379871061439,0.05140382489725323,-4.645881449830396,0.095321876473329,0.03000204055330407,68.52554559005286,6144,60000
iqm,ghz3,sup023_P021_ph001,optimal,raw_conditional,3.797854749104876,3.636326595008919,-0.161528154095957,0.11831126818174889,-0.396016650693284,0.06696096841695263,-4.253141964790199,0.11107944693535203,0.0349861645466113,68.50347610483408,6144,60000
iqm,ghz3,sup023_P021_ph001,optimal,readout_unconditional,3.7099524793098055,3.478627508724255,-0.23132497058555046,0.13015498088502303,-0.4870214289143836,0.025896428444206244,-6.235254275509908,0.12322297689201951,0.03641266324463205,70.44977798536671,6144,60000
iqm,ghz3,sup023_P021_ph001,optimal,readout_conditional,4.352472318697649,4.113302040653514,-0.23917027804413493,0.14776335224948156,-0.5390708492474914,0.04414297808149785,-5.495044207787166,0.139782362796056,0.041995649892101895,69.95640290229318,6144,60000
iqm,ghz3,sup023_P021_ph001,standard,raw_unconditional,3.1855736726924895,2.948881825778628,-0.2366918469138617,0.09889640391937338,-0.4217604391679201,-0.04593552619265259,-7.430116871659307,0.09424987760476403,0.03006764617142801,68.09794671827967,6144,60000
iqm,ghz3,sup023_P021_ph001,standard,raw_conditional,3.8600857104085136,3.579505263633045,-0.2805804467754687,0.11751357046328599,-0.5051173445391627,-0.04988745116516939,-7.268762090408992,0.11183787711997964,0.03608321201313553,67.7361436551362,6144,60000
iqm,ghz3,sup023_P021_ph001,standard,readout_unconditional,3.6781817091243374,3.340707470725001,-0.33747423839933655,0.12586335721845415,-0.5784444047198442,-0.09592750685014964,-9.175028997675017,0.12014091927244405,0.037058028514584784,69.15453224513112,6144,60000
iqm,ghz3,sup023_P021_ph001,standard,readout_conditional,4.41420457465008,4.0260394704604785,-0.3881651041896017,0.146481847587248,-0.6643258085869663,-0.1054714799128059,-8.793545872766263,0.13980830465478386,0.04352370784569139,68.86901106972107,6144,60000
iqm,ghz3,sup023_P021_ph011,optimal,raw_unconditional,3.0415859774235448,2.256000003353882,-0.7855859740696629,0.09884363352997573,-0.9844277645510363,-0.5865383105046202,-25.828169247910395,0.09389091587518326,0.029302721719026335,68.7906743204201,6144,60000
iqm,ghz3,sup023_P021_ph011,optimal,raw_conditional,3.7888349652501243,2.942455943053016,-0.8463790221971084,0.11937849418566675,-1.074482879500034,-0.6057210952791542,-22.33876719254869,0.11250218662102346,0.037393043227683644,66.7623853804314,6144,60000
iqm,ghz3,sup023_P021_ph011,optimal,readout_unconditional,3.514728477795755,2.610889968423814,-0.903838509371941,0.12633381093837764,-1.150245275321252,-0.6584310457313922,-25.7157420575139,0.11998263937273372,0.035606975061142174,70.32322738748326,6144,60000
iqm,ghz3,sup023_P021_ph011,optimal,readout_conditional,4.344226274769786,3.4045037607925415,-0.9397225139772449,0.15019271053057603,-1.2371558098082622,-0.6432392069579143,-21.631527792070262,0.14150531047169235,0.0452935542795024,67.99162227302895,6144,60000
iqm,ghz3,sup023_P021_ph011,standard,raw_unconditional,3.122668113782197,2.6224551995999033,-0.5002129141822937,0.0965162887709925,-0.6935042125993919,-0.3100262509901083,-16.01876651490934,0.09261174018141324,0.029995247732221193,67.61183012708241,6144,60000
iqm,ghz3,sup023_P021_ph011,standard,raw_conditional,3.781745338309376,3.184367528509387,-0.5973778097999891,0.11355767882779409,-0.8169429198810073,-0.3752133046605432,-15.796352116799223,0.10873420316315151,0.035489304615699255,67.36141565092548,6144,60000
iqm,ghz3,sup023_P021_ph011,standard,readout_unconditional,3.626010411543244,2.994666349022684,-0.6313440625205597,0.1236551390401276,-0.8818812526094963,-0.39243514528866524,-17.411534741067037,0.11900179873000533,0.03699138236276627,68.91527459455182,6144,60000
iqm,ghz3,sup023_P021_ph011,standard,readout_conditional,4.348264740311385,3.621325327001031,-0.7269394133103542,0.14233179296869397,-1.0066868845846115,-0.4505848189570387,-16.717919830665533,0.13676812056537527,0.04339066904033281,68.27428141809403,6144,60000
iqm,ghz3,sup023_P021_ph021,optimal,raw_unconditional,3.143560520675184,2.349606833965179,-0.793953686710005,0.09938854675156254,-0.9905970891764984,-0.6032805668000982,-25.25651030060261,0.09602117161863641,0.03000323632505819,68.75351985474526,6144,60000
iqm,ghz3,sup023_P021_ph021,optimal,raw_conditional,3.7588391472937266,2.849179311241774,-0.9096598360519526,0.11623358996137195,-1.1404635699414414,-0.6840607112811999,-24.200552362206974,0.11193310301096235,0.03618480312610422,67.6728312244141,6144,60000
iqm,ghz3,sup023_P021_ph021,optimal,readout_unconditional,3.6394850098710707,2.7000842492550245,-0.9394007606160462,0.12637847165166086,-1.1891584425259503,-0.6926953315409541,-25.811365016429193,0.12178021885985224,0.03627560819517336,70.21223271332741,6144,60000
iqm,ghz3,sup023_P021_ph021,optimal,readout_conditional,4.305279110216302,3.254268356822286,-1.0510107533940163,0.14424713940178183,-1.3437163737908828,-0.7734882467884588,-24.412139758836965,0.1382981235233082,0.04323782837680607,68.73578088026701,6144,60000
iqm,ghz3,sup023_P021_ph021,standard,raw_unconditional,2.9428321335091674,2.3366958017750323,-0.6061363317341351,0.09977728369623755,-0.7864855971041568,-0.40584732114878636,-20.59704068173778,0.09516453794877447,0.029428616732023058,69.07606828515891,6144,60000
iqm,ghz3,sup023_P021_ph021,standard,raw_conditional,3.4914571921527533,2.8790794009425076,-0.6123777912102457,0.1168079324996582,-0.8254159457634255,-0.3808142716511276,-17.539318327791598,0.1107512480773484,0.03599832243208633,67.49623768849521,6144,60000
iqm,ghz3,sup023_P021_ph021,standard,readout_unconditional,3.4199072971032773,2.6705880144174188,-0.7493192826858586,0.12337315640625204,-0.9764174297698739,-0.5096766485257057,-21.910514455188462,0.11846375999323641,0.03483448013422808,70.59482145745083,6144,60000
iqm,ghz3,sup023_P021_ph021,standard,readout_conditional,4.01210038202585,3.277813176284953,-0.7342872057408973,0.1412689559500064,-0.995962970832456,-0.46082124598839336,-18.301815403983735,0.1347378176166891,0.04228563669705857,68.61635623537,6144,60000
iqm,two_qutrit,canonical_ez,optimal,raw_unconditional,4.636430561732521,4.432599193161326,-0.203831368571195,0.08078635192366425,-0.3565003435224984,-0.04507700287560443,-4.396299391466098,0.07416760538575644,0.03394179997490131,54.236354540010964,9216,45000
iqm,two_qutrit,canonical_ez,optimal,raw_conditional,4.900956034717394,4.700554923765625,-0.20040111095176893,0.08427987210658758,-0.36015452286325517,-0.03154645590634675,-4.089020785580762,0.07713801287428536,0.03578253370302495,53.612321124552366,9216,45000
iqm,two_qutrit,canonical_ez,optimal,readout_unconditional,4.946237147303722,4.825405941391998,-0.12083120591172403,0.09215029803259228,-0.3044999264848211,0.06403374346803514,-2.4428914812058933,0.08399646734597357,0.040188373754453624,52.15468575729325,9216,45000
iqm,two_qutrit,canonical_ez,optimal,readout_conditional,5.197388914539914,5.04545478651056,-0.15193412802935402,0.09403963753348428,-0.34065104733898594,0.03886268127718319,-2.9232780253236754,0.08587273645830025,0.04041853852142375,52.932047832141734,9216,45000
iqm,two_qutrit,canonical_ez,standard,raw_unconditional,4.46306394185188,4.426375568639774,-0.036688373212106384,0.08087249521762885,-0.18749848487799753,0.129546952208048,-0.8220445346539916,0.0744088363412838,0.032981839430290684,55.67483507064124,9216,45000
iqm,two_qutrit,canonical_ez,standard,raw_conditional,4.7302275638075,4.739686350497108,0.009458786689607201,0.08513299109686265,-0.1505143993846979,0.18068393356921336,0.1999647281661338,0.07817735612815335,0.034978585818096944,55.257394787362976,9216,45000
iqm,two_qutrit,canonical_ez,standard,readout_unconditional,4.758772854091679,4.804298093719953,0.04552523962827415,0.09303924131708985,-0.13623028779106627,0.22713919165783183,0.956659227580714,0.08518677774677012,0.03908972252549722,54.112922733505656,9216,45000
iqm,two_qutrit,canonical_ez,standard,readout_conditional,5.014756885280871,5.0872327426933905,0.0724758574125195,0.09578398715535053,-0.1076312851519098,0.2583181270386559,1.4452516656440106,0.08772302380221894,0.04011807645171477,54.26733517284434,9216,45000
iqm,two_qutrit,sup023_P021_ph000,optimal,raw_unconditional,4.2359549185986705,2.5229743101611617,-1.7129806084375088,0.08105998429078956,-1.8750445415323131,-1.545694817361858,-40.43906607495703,0.07398893562885667,0.03285491503294459,55.59482677551759,9216,45000
iqm,two_qutrit,sup023_P021_ph000,optimal,raw_conditional,4.622428314356507,3.185406816633178,-1.4370214977233293,0.08910838541550249,-1.6148112694081935,-1.250529322765096,-31.088021273584175,0.07911646163868098,0.04066416104636554,48.602149029268084,9216,45000
iqm,two_qutrit,sup023_P021_ph000,optimal,readout_unconditional,4.499766047231278,2.7566910291154416,-1.743075018115836,0.09087473974017375,-1.9193818053722438,-1.550295845824643,-38.73701432074133,0.08285850819252244,0.03685935292751845,55.51530708002197,9216,45000
iqm,two_qutrit,sup023_P021_ph000,optimal,readout_conditional,4.905452698943435,3.5022887702810075,-1.4031639286624276,0.09952232005363441,-1.5965215908427328,-1.194807991615055,-28.60416794895707,0.08822791973099935,0.04616428480459783,47.676104179550585,9216,45000
iqm,two_qutrit,sup023_P021_ph000,standard,raw_unconditional,4.253224844621688,2.5640432915082734,-1.6891815531134142,0.08129024801764674,-1.848805957007019,-1.5356585882974885,-39.71531284666099,0.07360189517374173,0.03329878073408549,54.7582563526636,9216,45000
iqm,two_qutrit,sup023_P021_ph000,standard,raw_conditional,4.66124993069479,3.083614572757867,-1.577635357936923,0.08853575690070704,-1.7508122317315038,-1.4079956664021056,-33.84575771292671,0.07846980390018958,0.039437707892565725,49.74154906423763,9216,45000
iqm,two_qutrit,sup023_P021_ph000,standard,readout_unconditional,4.515458940343693,2.782599620717202,-1.7328593196264914,0.0910200988504348,-1.9159765853763573,-1.5550960693754983,-38.37615052025243,0.08246227085163266,0.03716132504226293,54.93536054916055,9216,45000
iqm,two_qutrit,sup023_P021_ph000,standard,readout_conditional,4.944719396906455,3.367058074765291,-1.5776613221411644,0.09918199374870558,-1.7710569003132617,-1.388624593225275,-31.905982837533518,0.08776224570950057,0.044484579627550265,49.312395930708675,9216,45000
iqm,two_qutrit,sup023_P021_ph012,optimal,raw_unconditional,4.430347572118673,2.556506353629867,-1.8738412184888058,0.07942709683250455,-2.0277249066998984,-1.714160555225891,-42.29558038022513,0.07176146866396887,0.033300352218797645,53.59577662111366,9216,45000
iqm,two_qutrit,sup023_P021_ph012,optimal,raw_conditional,4.850399777462911,3.1755289107351397,-1.6748708667277716,0.08720958444009336,-1.8412282727722311,-1.4995736411871432,-34.530573634568384,0.07671157987940722,0.0408234301900316,46.78322327058419,9216,45000
iqm,two_qutrit,sup023_P021_ph012,optimal,readout_unconditional,4.704803528370058,2.816583280443301,-1.888220247926757,0.08955036575679072,-2.0676327878486256,-1.71350836535068,-40.133880969539995,0.08071114104610728,0.03751085347149222,53.52456552427669,9216,45000
iqm,two_qutrit,sup023_P021_ph012,optimal,readout_conditional,5.1463093188477815,3.519046917126381,-1.6272624017214006,0.09834563980774251,-1.8189165958216493,-1.4334836283234844,-31.619988245979197,0.08600890066810388,0.04659668732124287,45.823412508139285,9216,45000
iqm,two_qutrit,sup023_P021_ph012,standard,raw_unconditional,4.339505148301103,2.274711491645766,-2.064793656655337,0.08054278616925395,-2.2175014572071388,-1.902239793533509,-47.58131598170116,0.07299335268194523,0.032634866689738015,55.29063196762822,9216,45000
iqm,two_qutrit,sup023_P021_ph012,standard,raw_conditional,4.768074812788002,2.8642515062300635,-1.9038233065579382,0.08961515658323668,-2.0735705908038438,-1.720294019494043,-39.928553584181905,0.07887973644947566,0.040585261499892535,48.547924566294206,9216,45000
iqm,two_qutrit,sup023_P021_ph012,standard,readout_unconditional,4.599517143101833,2.5174850666874073,-2.082032076414426,0.09133166408507461,-2.2494139897578753,-1.8930792110517405,-45.26631843381586,0.08288080155207961,0.03714901575771883,55.17777933846888,9216,45000
iqm,two_qutrit,sup023_P021_ph012,standard,readout_conditional,5.050948201512162,3.1894465790166846,-1.861501622495477,0.10119695746711925,-2.051879017195042,-1.6515304028111806,-36.854498368012905,0.08927300562392358,0.046495554003355415,47.91756625824254,9216,45000
iqm,two_qutrit,sup023_P021_ph020,optimal,raw_unconditional,4.376624626376812,2.8078515328945337,-1.5687730934822786,0.08058657662018422,-1.7291021330049694,-1.4065547194775676,-35.844360149775675,0.07412413850155253,0.031698106760829015,57.23645845790828,9216,45000
iqm,two_qutrit,sup023_P021_ph020,optimal,raw_conditional,4.76640228335935,3.48188158292223,-1.2845207004371195,0.08783049717002431,-1.459834005810226,-1.1085401337709355,-26.949481476242333,0.07892005268943499,0.03855452014947665,51.14737150367117,9216,45000
iqm,two_qutrit,sup023_P021_ph020,optimal,readout_unconditional,4.651270570186328,3.089845865332302,-1.5614247048540255,0.09207144988226044,-1.7442181219592812,-1.3763625253670961,-33.569853253913706,0.08461401298994754,0.03619108710545526,57.22802190016103,9216,45000
iqm,two_qutrit,sup023_P021_ph020,optimal,readout_conditional,5.059735740181591,3.843430646828396,-1.2163050933531947,0.10034261432205646,-1.419228794225402,-1.0188470475704434,-24.0389055043721,0.08971411582144256,0.044246500837860754,50.68055853559959,9216,45000
iqm,two_qutrit,sup023_P021_ph020,standard,raw_unconditional,4.282390636589186,2.9988694882816698,-1.2835211483075164,0.0819974021984833,-1.4407838464609175,-1.1197592343547766,-29.972070678022217,0.0756350300168885,0.033673957237250786,55.47835807068267,9216,45000
iqm,two_qutrit,sup023_P021_ph020,standard,raw_conditional,4.740064756447539,3.5969393069741282,-1.1431254494734104,0.09024419370963785,-1.3190026798083974,-0.9636032590456942,-24.11624119519689,0.08244891140020703,0.03964625983672585,51.91415003130496,9216,45000
iqm,two_qutrit,sup023_P021_ph020,standard,readout_unconditional,4.544845385625853,3.277544113850484,-1.2673012717753687,0.09228699708690793,-1.4422793649186922,-1.0818045098397293,-27.88436490674707,0.08521629065174517,0.03831505025207337,55.03788071619296,9216,45000
iqm,two_qutrit,sup023_P021_ph020,standard,readout_conditional,5.0285723850683866,3.9285266904818372,-1.1000456945865493,0.10131667435685487,-1.2911214991175763,-0.8959369356178047,-21.875904538094645,0.09266827458535186,0.04506611717882362,51.36834328633626,9216,45000
