provider,state,name,comparison,estimator,delta,se,ci95_low,ci95_high,relative_percent
iqm,two_qutrit,canonical_ez,f3_opt_minus_standard,raw_unconditional,0.17336661988064073,0.10419707499221827,-0.03494447826572089,0.3804737895157747,3.884475376991908
iqm,two_qutrit,canonical_ez,candidate_opt_minus_baseline_opt,raw_unconditional,0.0,0.0,0.0,0.0,0.0
iqm,two_qutrit,canonical_ez,candidate_opt_minus_baseline_standard,raw_unconditional,0.17336661988064073,0.10419707499221827,-0.03494447826572089,0.3804737895157747,3.884475376991908
iqm,two_qutrit,canonical_ez,f3_opt_minus_standard,raw_conditional,0.17072847090989374,0.10896140377792864,-0.05016697356511106,0.3896208034435434,3.609307768112309
iqm,two_qutrit,canonical_ez,candidate_opt_minus_baseline_opt,raw_conditional,0.0,0.0,0.0,0.0,0.0
iqm,two_qutrit,canonical_ez,candidate_opt_minus_baseline_standard,raw_conditional,0.17072847090989374,0.10896140377792864,-0.05016697356511106,0.3896208034435434,3.609307768112309
iqm,two_qutrit,canonical_ez,f3_opt_minus_standard,readout_unconditional,0.1874642932120434,0.1112052810413882,-0.03199227474953645,0.408792475135394,3.9393410645952183
iqm,two_qutrit,canonical_ez,candidate_opt_minus_baseline_opt,readout_unconditional,0.0,0.0,0.0,0.0,0.0
iqm,two_qutrit,canonical_ez,candidate_opt_minus_baseline_standard,readout_unconditional,0.1874642932120434,0.1112052810413882,-0.03199227474953645,0.408792475135394,3.9393410645952183
iqm,two_qutrit,canonical_ez,f3_opt_minus_standard,readout_conditional,0.1826320292590431,0.11565161025634277,-0.050568702681975795,0.4166092540971965,3.6418919887242764
iqm,two_qutrit,canonical_ez,candidate_opt_minus_baseline_opt,readout_conditional,0.0,0.0,0.0,0.0,0.0
iqm,two_qutrit,canonical_ez,candidate_opt_minus_baseline_standard,readout_conditional,0.1826320292590431,0.11565161025634277,-0.050568702681975795,0.4166092540971965,3.6418919887242764
iqm,two_qutrit,sup023_P021_ph000,f3_opt_minus_standard,raw_unconditional,-0.017269926023017135,0.10327839440664278,-0.21158052214883993,0.17953147681253273,-0.40604310032787005
iqm,two_qutrit,sup023_P021_ph000,candidate_opt_minus_baseline_opt,raw_unconditional,-0.4004756431338503,0.10486810986428544,-0.6132948985664077,-0.2089226401217706,-8.637585267408866
iqm,two_qutrit,sup023_P021_ph000,candidate_opt_minus_baseline_standard,raw_unconditional,-0.22710902325320959,0.10664450201233666,-0.4373712706967434,-0.0093424337586342,-5.0886347632961355
iqm,two_qutrit,sup023_P021_ph000,f3_opt_minus_standard,raw_conditional,-0.03882161633828307,0.11081489245177407,-0.2502260283718639,0.1799533548238592,-0.8328585018073994
iqm,two_qutrit,sup023_P021_ph000,candidate_opt_minus_baseline_opt,raw_conditional,-0.2785277203608869,0.11036800995565396,-0.5030897395054421,-0.06883687597650526,-5.683130360440946
iqm,two_qutrit,sup023_P021_ph000,candidate_opt_minus_baseline_standard,raw_conditional,-0.10779924945099317,0.11305155614175039,-0.3310324778839958,0.11510898925237398,-2.2789442578999806
iqm,two_qutrit,sup023_P021_ph000,f3_opt_minus_standard,readout_unconditional,-0.015692893112415618,0.10946256112930254,-0.22003046258420264,0.19386985638538448,-0.34753705702439974
iqm,two_qutrit,sup023_P021_ph000,candidate_opt_minus_baseline_opt,readout_unconditional,-0.4464711000724444,0.11717234136113343,-0.6885712191990543,-0.22375682808536307,-9.026479862895846
iqm,two_qutrit,sup023_P021_ph000,candidate_opt_minus_baseline_standard,readout_unconditional,-0.259006806860401,0.12045720511024532,-0.49709072645717656,-0.015125605251345224,-5.442722626227101
iqm,two_qutrit,sup023_P021_ph000,f3_opt_minus_standard,readout_conditional,-0.03926669796302029,0.11728072088350656,-0.26344997658923086,0.18642413042267664,-0.7941137769634927
iqm,two_qutrit,sup023_P021_ph000,candidate_opt_minus_baseline_opt,readout_conditional,-0.2919362155964791,0.12219478778356385,-0.5405594504028252,-0.061633240609027855,-5.616978455850692
iqm,two_qutrit,sup023_P021_ph000,candidate_opt_minus_baseline_standard,readout_conditional,-0.109304186337436,0.12632751714631718,-0.34643698353041635,0.140892958511179,-2.17965075551841
iqm,two_qutrit,sup023_P021_ph012,f3_opt_minus_standard,raw_unconditional,0.0908424238175698,0.10024632514320526,-0.10124501486226212,0.28290920639155165,2.0933820957243063
iqm,two_qutrit,sup023_P021_ph012,candidate_opt_minus_baseline_opt,raw_unconditional,-0.20608298961384808,0.1033679910577871,-0.4086388858128766,-0.006063931738763785,-4.444863065884888
iqm,two_qutrit,sup023_P021_ph012,candidate_opt_minus_baseline_standard,raw_unconditional,-0.03271636973320735,0.10467320293845234,-0.24424784804335578,0.16238200520129678,-0.7330473002282866
iqm,two_qutrit,sup023_P021_ph012,f3_opt_minus_standard,raw_conditional,0.08232496467490957,0.10794787175599957,-0.1238729506517009,0.2954068368670046,1.7265871008171596
iqm,two_qutrit,sup023_P021_ph012,candidate_opt_minus_baseline_opt,raw_conditional,-0.05055625725448287,0.10924123190107303,-0.2612568544059311,0.1581649064586362,-1.0315590855407075
iqm,two_qutrit,sup023_P021_ph012,candidate_opt_minus_baseline_standard,raw_conditional,0.12017221365541086,0.11124736853710554,-0.10575321912083173,0.3256730958185696,2.5405165403645125
iqm,two_qutrit,sup023_P021_ph012,f3_opt_minus_standard,readout_unconditional,0.10528638526822487,0.1063095897472374,-0.0970004004941973,0.3094009110136534,2.289074743989792
iqm,two_qutrit,sup023_P021_ph012,candidate_opt_minus_baseline_opt,readout_unconditional,-0.2414336189336641,0.1149725372730955,-0.46960822094311344,-0.02107908699822644,-4.881157367581408
iqm,two_qutrit,sup023_P021_ph012,candidate_opt_minus_baseline_standard,readout_unconditional,-0.05396932572162072,0.11783513997533926,-0.2890405145138544,0.17519450392651165,-1.1341017395948394
iqm,two_qutrit,sup023_P021_ph012,f3_opt_minus_standard,readout_conditional,0.09536111733561992,0.11439190692903994,-0.12719637545813373,0.32328156959143617,1.88798446412637
iqm,two_qutrit,sup023_P021_ph012,candidate_opt_minus_baseline_opt,readout_conditional,-0.05107959569213261,0.12037135258595817,-0.2896548026214999,0.1754691798032053,-0.9827934089988011
iqm,two_qutrit,sup023_P021_ph012,candidate_opt_minus_baseline_standard,readout_conditional,0.1315524335669105,0.12386219077475617,-0.11841658397207151,0.3640593138966834,2.623306305297438
iqm,two_qutrit,sup023_P021_ph020,f3_opt_minus_standard,raw_unconditional,0.0942339897876261,0.10299999048791059,-0.10697577229839181,0.29497605535124327,2.2004996223950517
iqm,two_qutrit,sup023_P021_ph020,candidate_opt_minus_baseline_opt,raw_unconditional,-0.2598059353557085,0.10445390630173125,-0.46479308624923515,-0.049901071861703054,-5.6035765422662855
iqm,two_qutrit,sup023_P021_ph020,candidate_opt_minus_baseline_standard,raw_unconditional,-0.08643931547506778,0.10390982906579037,-0.29012071347012086,0.12470784120431051,-1.936770716289606
iqm,two_qutrit,sup023_P021_ph020,f3_opt_minus_standard,raw_conditional,0.026337526911810905,0.11112985490810515,-0.18988642837230263,0.2500784012408914,0.555636436738254
iqm,two_qutrit,sup023_P021_ph020,candidate_opt_minus_baseline_opt,raw_conditional,-0.1345537513580446,0.1097509658556468,-0.3530518295634811,0.08741054941804276,-2.7454592615173996
iqm,two_qutrit,sup023_P021_ph020,candidate_opt_minus_baseline_standard,raw_conditional,0.036174719551849144,0.10953524822298448,-0.1802352409707843,0.2646470194117471,0.7647564321986031
iqm,two_qutrit,sup023_P021_ph020,f3_opt_minus_standard,readout_unconditional,0.10642518456047512,0.10905594330424818,-0.10444312264915008,0.32029324024916606,2.341667879331383
iqm,two_qutrit,sup023_P021_ph020,candidate_opt_minus_baseline_opt,readout_unconditional,-0.2949665771173944,0.11820938306279716,-0.5264899919679871,-0.06563595612970316,-5.963454002163759
iqm,two_qutrit,sup023_P021_ph020,candidate_opt_minus_baseline_standard,readout_unconditional,-0.10750228390535099,0.1192012019555615,-0.33594386343634913,0.13624987421920728,-2.2590337299440253
iqm,two_qutrit,sup023_P021_ph020,f3_opt_minus_standard,readout_conditional,0.031163355113204005,0.11751748075618375,-0.1967865266606653,0.2669199171860578,0.6197256940307562
iqm,two_qutrit,sup023_P021_ph020,candidate_opt_minus_baseline_opt,readout_conditional,-0.13765317435832358,0.12308445966736375,-0.3762814414706475,0.09882995849784326,-2.648506329269165
iqm,two_qutrit,sup023_P021_ph020,candidate_opt_minus_baseline_standard,readout_conditional,0.04497885490071951,0.12426166689194872,-0.19896161849735006,0.2981566907416451,0.8969299196286022
ibm,two_qutrit,canonical_ez,f3_opt_minus_standard,raw_unconditional,-0.11132969842786178,0.10367883644813403,-0.32163212720496986,0.09060470165700656,-2.6092540522848076
ibm,two_qutrit,canonical_ez,candidate_opt_minus_baseline_opt,raw_unconditional,0.0,0.0,0.0,0.0,0.0
ibm,two_qutrit,canonical_ez,candidate_opt_minus_baseline_standard,raw_unconditional,-0.11132969842786178,0.10367883644813403,-0.32163212720496986,0.09060470165700656,-2.6092540522848076
ibm,two_qutrit,canonical_ez,f3_opt_minus_standard,raw_conditional,-0.13711862849226275,0.11074975848029535,-0.3609575972245167,0.07691019281475063,-2.9550484412748563
ibm,two_qutrit,canonical_ez,candidate_opt_minus_baseline_opt,raw_conditional,0.0,0.0,0.0,0.0,0.0
ibm,two_qutrit,canonical_ez,candidate_opt_minus_baseline_standard,raw_conditional,-0.13711862849226275,0.11074975848029535,-0.3609575972245167,0.07691019281475063,-2.9550484412748563
ibm,two_qutrit,canonical_ez,f3_opt_minus_standard,readout_unconditional,-0.10854563206701773,0.11156941173790415,-0.334030228682929,0.10952610615512544,-2.372255803725523
ibm,two_qutrit,canonical_ez,candidate_opt_minus_baseline_opt,readout_unconditional,0.0,0.0,0.0,0.0,0.0
ibm,two_qutrit,canonical_ez,candidate_opt_minus_baseline_standard,readout_unconditional,-0.10854563206701773,0.11156941173790415,-0.334030228682929,0.10952610615512544,-2.372255803725523
ibm,two_qutrit,canonical_ez,f3_opt_minus_standard,readout_conditional,-0.1351053224599097,0.11802608565047712,-0.37123092380401906,0.0926615905731909,-2.7405288170278106
ibm,two_qutrit,canonical_ez,candidate_opt_minus_baseline_opt,readout_conditional,0.0,0.0,0.0,0.0,0.0
ibm,two_qutrit,canonical_ez,candidate_opt_minus_baseline_standard,readout_conditional,-0.1351053224599097,0.11802608565047712,-0.37123092380401906,0.0926615905731909,-2.7405288170278106
ibm,two_qutrit,sup023_P021_ph000,f3_opt_minus_standard,raw_unconditional,0.11999468557293014,0.10318540662188286,-0.09134513135402611,0.3266217625319509,2.8027974459138654
ibm,two_qutrit,sup023_P021_ph000,candidate_opt_minus_baseline_opt,raw_unconditional,0.24584639402992536,0.10346055035796475,0.0455900362885403,0.44794289872336895,5.91631766246361
ibm,two_qutrit,sup023_P021_ph000,candidate_opt_minus_baseline_standard,raw_unconditional,0.13451669560206359,0.10579951395829054,-0.08275331365558496,0.33255862320853746,3.1526918518249283
ibm,two_qutrit,sup023_P021_ph000,f3_opt_minus_standard,raw_conditional,0.15129367895970258,0.11265211159277794,-0.07858789148807825,0.3769487808934967,3.197289231697964
ibm,two_qutrit,sup023_P021_ph000,candidate_opt_minus_baseline_opt,raw_conditional,0.38020002074986614,0.11078186254385207,0.16827190164469058,0.5980963888585796,8.44320497148213
ibm,two_qutrit,sup023_P021_ph000,candidate_opt_minus_baseline_standard,raw_conditional,0.2430813922576034,0.11391621115936632,0.012099494066135155,0.45661052911556455,5.238655733303849
ibm,two_qutrit,sup023_P021_ph000,f3_opt_minus_standard,readout_unconditional,0.13217707195463646,0.11078870518520677,-0.09339916820278073,0.3531318601602398,2.8765510232993976
ibm,two_qutrit,sup023_P021_ph000,candidate_opt_minus_baseline_opt,readout_unconditional,0.26007782632199294,0.11132846928203041,0.046241370022322495,0.48136729411931944,5.82209433656076
ibm,two_qutrit,sup023_P021_ph000,candidate_opt_minus_baseline_standard,readout_unconditional,0.15153219425497522,0.11378678083047361,-0.0802973728166918,0.36497476165441967,3.311723562037799
ibm,two_qutrit,sup023_P021_ph000,f3_opt_minus_standard,readout_conditional,0.16608745147372694,0.11987970202696496,-0.08098775689747381,0.40360289696694385,3.2991503664407755
ibm,two_qutrit,sup023_P021_ph000,candidate_opt_minus_baseline_opt,readout_conditional,0.40554227106434304,0.11815579231093941,0.1795050052410317,0.6382661212371511,8.457969987736732
ibm,two_qutrit,sup023_P021_ph000,candidate_opt_minus_baseline_standard,readout_conditional,0.27043694860443335,0.1214455795945369,0.02051316869279036,0.4911317517149274,5.485648065859433
ibm,two_qutrit,sup023_P021_ph012,f3_opt_minus_standard,raw_unconditional,-0.1257332872977539,0.1060578174570903,-0.34354126614195857,0.0809988128923129,-2.853613090887045
ibm,two_qutrit,sup023_P021_ph012,candidate_opt_minus_baseline_opt,raw_unconditional,0.12497972024949355,0.1043143403493767,-0.08900434192109996,0.3322715897313025,3.0076492652230424
ibm,two_qutrit,sup023_P021_ph012,candidate_opt_minus_baseline_standard,raw_unconditional,0.013650021821631775,0.1059086810189694,-0.19418764563390373,0.21874110695245955,0.3199180026068882
ibm,two_qutrit,sup023_P021_ph012,f3_opt_minus_standard,raw_conditional,-0.13617240526073893,0.1146541799079602,-0.3695488568219897,0.0878484858158189,-2.7987483355989107
ibm,two_qutrit,sup023_P021_ph012,candidate_opt_minus_baseline_opt,raw_conditional,0.22627314185083947,0.11126796857723763,3.858550630020423e-05,0.4414156487393462,5.024909026622039
ibm,two_qutrit,sup023_P021_ph012,candidate_opt_minus_baseline_standard,raw_conditional,0.08915451335857671,0.11367040975521675,-0.13713743765119052,0.301794007627516,1.9213720894805086
ibm,two_qutrit,sup023_P021_ph012,f3_opt_minus_standard,readout_unconditional,-0.1379553609637263,0.11379895253911057,-0.36920516494225025,0.0861755608382859,-2.9124833964639
ibm,two_qutrit,sup023_P021_ph012,candidate_opt_minus_baseline_opt,readout_unconditional,0.13165270950205876,0.11219710548993454,-0.0974307698725017,0.35349895237644563,2.947173564253979
ibm,two_qutrit,sup023_P021_ph012,candidate_opt_minus_baseline_standard,readout_unconditional,0.023107077435041035,0.11388835958394111,-0.19927532877190046,0.2431354166311315,0.5050032646045766
ibm,two_qutrit,sup023_P021_ph012,f3_opt_minus_standard,readout_conditional,-0.14851110370380827,0.1219954235048886,-0.39725278246132567,0.09078636171675053,-2.862993377637036
ibm,two_qutrit,sup023_P021_ph012,candidate_opt_minus_baseline_opt,readout_conditional,0.24396125535672653,0.11861250265940033,0.0013958983405234272,0.4743223431088764,5.0880441404106795
ibm,two_qutrit,sup023_P021_ph012,candidate_opt_minus_baseline_standard,readout_conditional,0.10885593289681683,0.12111369947315757,-0.1325129030252546,0.33500716543396325,2.208076007491819
ibm,two_qutrit,sup023_P021_ph020,f3_opt_minus_standard,raw_unconditional,0.0630332582380948,0.10151649456466169,-0.13216633535036865,0.26321470065074276,1.4773129568781993
ibm,two_qutrit,sup023_P021_ph020,candidate_opt_minus_baseline_opt,raw_unconditional,0.1743883417152352,0.10384606990834241,-0.03016414238311038,0.3750486687879414,4.1966726023730025
ibm,two_qutrit,sup023_P021_ph020,candidate_opt_minus_baseline_standard,raw_unconditional,0.06305864328737343,0.10443525302871835,-0.14717617976393843,0.2647898168920174,1.4779167001496514
ibm,two_qutrit,sup023_P021_ph020,f3_opt_minus_standard,raw_conditional,0.0362241026187462,0.10956258970266282,-0.1755527454554936,0.2546419325062,0.765525243063836
ibm,two_qutrit,sup023_P021_ph020,candidate_opt_minus_baseline_opt,raw_conditional,0.26512239046395525,0.1112384135374385,0.045749094780786884,0.47448183455500476,5.887644826535117
ibm,two_qutrit,sup023_P021_ph020,candidate_opt_minus_baseline_standard,raw_conditional,0.1280037619716925,0.11208224780023952,-0.09733407683070808,0.3494777981686075,2.7586136285859344
ibm,two_qutrit,sup023_P021_ph020,f3_opt_minus_standard,readout_unconditional,0.062087301641301273,0.10900542336285417,-0.14626002457360884,0.2776596777920659,1.354125532895663
ibm,two_qutrit,sup023_P021_ph020,candidate_opt_minus_baseline_opt,readout_unconditional,0.18005131809220742,0.11169734983247602,-0.03904513765636053,0.3974365724895144,4.030623349093623
ibm,two_qutrit,sup023_P021_ph020,candidate_opt_minus_baseline_standard,readout_unconditional,0.0715056860251897,0.11231498491179556,-0.15562240609216654,0.2902260562788424,1.56275084904291
ibm,two_qutrit,sup023_P021_ph020,f3_opt_minus_standard,readout_conditional,0.028942459109454255,0.1166807030352602,-0.19925171877631223,0.2605885471837225,0.573917066168843
ibm,two_qutrit,sup023_P021_ph020,candidate_opt_minus_baseline_opt,readout_conditional,0.27711695362089994,0.11858103676280383,0.044445344952554346,0.5005901874998914,5.779537779544393
ibm,two_qutrit,sup023_P021_ph020,candidate_opt_minus_baseline_standard,readout_conditional,0.14201163116099025,0.11950134270762341,-0.09926400099337149,0.37652892376409813,2.880619064177159
iqm,ghz3,canonical_ez,f3_opt_minus_standard,raw_unconditional,0.020758780146614253,0.13365084712406258,-0.227733702039441,0.2757657943896427,0.5887005262890582
iqm,ghz3,canonical_ez,candidate_opt_minus_baseline_opt,raw_unconditional,0.0,0.0,0.0,0.0,0.0
iqm,ghz3,canonical_ez,candidate_opt_minus_baseline_standard,raw_unconditional,0.020758780146614253,0.13365084712406258,-0.227733702039441,0.2757657943896427,0.5887005262890582
iqm,ghz3,canonical_ez,f3_opt_minus_standard,raw_conditional,0.048149054268921354,0.14469459728411332,-0.2207209629105806,0.32908916441314373,1.245354682114657
iqm,ghz3,canonical_ez,candidate_opt_minus_baseline_opt,raw_conditional,0.0,0.0,0.0,0.0,0.0
iqm,ghz3,canonical_ez,candidate_opt_minus_baseline_standard,raw_conditional,0.048149054268921354,0.14469459728411332,-0.2207209629105806,0.32908916441314373,1.245354682114657
iqm,ghz3,canonical_ez,f3_opt_minus_standard,readout_unconditional,0.07246916897688749,0.15334970290234218,-0.2164810644270397,0.37385150053596333,1.8412686930849849
iqm,ghz3,canonical_ez,candidate_opt_minus_baseline_opt,readout_unconditional,0.0,0.0,0.0,0.0,0.0
iqm,ghz3,canonical_ez,candidate_opt_minus_baseline_standard,readout_unconditional,0.07246916897688749,0.15334970290234218,-0.2164810644270397,0.37385150053596333,1.8412686930849849
iqm,ghz3,canonical_ez,f3_opt_minus_standard,readout_conditional,0.10237920956309932,0.16330609197668797,-0.20736179035611194,0.4298542199255519,2.3997039903050874
iqm,ghz3,canonical_ez,candidate_opt_minus_baseline_opt,readout_conditional,0.0,0.0,0.0,0.0,0.0
iqm,ghz3,canonical_ez,candidate_opt_minus_baseline_standard,readout_conditional,0.10237920956309932,0.16330609197668797,-0.20736179035611194,0.4298542199255519,2.3997039903050874
iqm,ghz3,sup023_P021_ph001,f3_opt_minus_standard,raw_unconditional,0.014231046862103636,0.1332735688817556,-0.23525849422496942,0.27456026527167054,0.4467341937213891
iqm,ghz3,sup023_P021_ph001,candidate_opt_minus_baseline_opt,raw_unconditional,-0.34715782967468556,0.13114547358697015,-0.5976694923582749,-0.09364974709173149,-9.787468146516508
iqm,ghz3,sup023_P021_ph001,candidate_opt_minus_baseline_standard,raw_unconditional,-0.3263990495280713,0.13756241007810238,-0.5932359124157235,-0.05098718176666958,-9.256386496716365
iqm,ghz3,sup023_P021_ph001,f3_opt_minus_standard,raw_conditional,-0.06223096130363759,0.15717823531633154,-0.36032977474181077,0.2555678384453979,-1.6121652722848911
iqm,ghz3,sup023_P021_ph001,candidate_opt_minus_baseline_opt,raw_conditional,-0.1165867727173473,0.14772120339006015,-0.4020833221177169,0.17218100188989238,-2.978375639727903
iqm,ghz3,sup023_P021_ph001,candidate_opt_minus_baseline_standard,raw_conditional,-0.06843771844842594,0.15445700696609194,-0.3695860810667887,0.23503962547880497,-1.7701122980935595
iqm,ghz3,sup023_P021_ph001,f3_opt_minus_standard,readout_unconditional,0.031770770185468145,0.15373942589174427,-0.25861157686135006,0.33783191748336144,0.8637629322840549
iqm,ghz3,sup023_P021_ph001,candidate_opt_minus_baseline_opt,readout_unconditional,-0.29834470048650186,0.1505582784970589,-0.5936108212118997,-0.015364275354585455,-7.443178165289208
iqm,ghz3,sup023_P021_ph001,candidate_opt_minus_baseline_standard,readout_unconditional,-0.22587553150961437,0.1609463184125517,-0.5330501443128235,0.09093558801331368,-5.738958381532231
iqm,ghz3,sup023_P021_ph001,f3_opt_minus_standard,readout_conditional,-0.061732255952430926,0.1795574665351868,-0.40561041428179595,0.3015454010827633,-1.3984910510706117
iqm,ghz3,sup023_P021_ph001,candidate_opt_minus_baseline_opt,readout_conditional,-0.01623348684211834,0.1677903854281889,-0.3382685263343457,0.3189975693035668,-0.3715857181669993
iqm,ghz3,sup023_P021_ph001,candidate_opt_minus_baseline_standard,readout_conditional,0.08614572272098098,0.17836523911122676,-0.2554879451058831,0.4438520644668407,2.0192013148318306
iqm,ghz3,sup023_P021_ph011,f3_opt_minus_standard,raw_unconditional,-0.08108213635865225,0.13067001099888162,-0.34280397141244245,0.1764114839758168,-2.596565930294943
iqm,ghz3,sup023_P021_ph011,candidate_opt_minus_baseline_opt,raw_unconditional,-0.5053765718057339,0.1304662035768664,-0.7631545097638901,-0.25529159352450104,-14.248150771018077
iqm,ghz3,sup023_P021_ph011,candidate_opt_minus_baseline_standard,raw_unconditional,-0.48461779165911967,0.13542143801393824,-0.7503910208575999,-0.22251691186537215,-13.74332918330446
iqm,ghz3,sup023_P021_ph011,f3_opt_minus_standard,raw_conditional,0.007089626940748328,0.15475579216813168,-0.3013888924132135,0.31562095045062777,0.18746970793960802
iqm,ghz3,sup023_P021_ph011,candidate_opt_minus_baseline_opt,raw_conditional,-0.12560655657209896,0.14929846560801205,-0.4140443149454076,0.1622315360963747,-3.208798902011122
iqm,ghz3,sup023_P021_ph011,candidate_opt_minus_baseline_standard,raw_conditional,-0.0774575023031776,0.15341805458234886,-0.38166657425062783,0.21528229470472998,-2.0034051472623045
iqm,ghz3,sup023_P021_ph011,f3_opt_minus_standard,readout_unconditional,-0.11128193374748907,0.15122931162058986,-0.4158031243038422,0.19117055518812212,-3.0689910153933355
iqm,ghz3,sup023_P021_ph011,candidate_opt_minus_baseline_opt,readout_unconditional,-0.4935687020005526,0.15014300931745642,-0.7944993268726964,-0.20362704533518694,-12.313675355419495
iqm,ghz3,sup023_P021_ph011,candidate_opt_minus_baseline_standard,readout_unconditional,-0.4210995330236651,0.15818661112325463,-0.7355655929125746,-0.11394535254708343,-10.69913451162197
iqm,ghz3,sup023_P021_ph011,f3_opt_minus_standard,readout_conditional,-0.00403846554159859,0.17759264058701882,-0.3509606250869424,0.35480117758291413,-0.0928753372387669
iqm,ghz3,sup023_P021_ph011,candidate_opt_minus_baseline_opt,readout_conditional,-0.024479530769981217,0.1706686955794305,-0.36280242864896617,0.30759116955002064,-0.5603382754439491
iqm,ghz3,sup023_P021_ph011,candidate_opt_minus_baseline_standard,readout_conditional,0.0778996787931181,0.1780603684426952,-0.2766629415976834,0.43031542204308276,1.8259192549061032
iqm,ghz3,sup023_P021_ph021,f3_opt_minus_standard,raw_unconditional,0.20072838716601682,0.13522679135715998,-0.058492599549823554,0.46512647315404837,6.820925491480859
iqm,ghz3,sup023_P021_ph021,candidate_opt_minus_baseline_opt,raw_unconditional,-0.40340202855409446,0.13697540960195975,-0.6646928982690061,-0.13551727252036117,-11.373168533785334
iqm,ghz3,sup023_P021_ph021,candidate_opt_minus_baseline_standard,raw_unconditional,-0.3826432484074802,0.13661338614924828,-0.6539828435050441,-0.10387983537312176,-10.85142191051041
iqm,ghz3,sup023_P021_ph021,f3_opt_minus_standard,raw_conditional,0.2673819551409733,0.15765999726693017,-0.045511000070966014,0.5767171555009979,7.658176527036599
iqm,ghz3,sup023_P021_ph021,candidate_opt_minus_baseline_opt,raw_conditional,-0.15560237452849668,0.15395322076825194,-0.4475491015169984,0.14152502725058944,-3.9750849172492364
iqm,ghz3,sup023_P021_ph021,candidate_opt_minus_baseline_standard,raw_conditional,-0.10745332025957532,0.15374662197684913,-0.4017123401839182,0.20651124214391706,-2.7792341412695762
iqm,ghz3,sup023_P021_ph021,f3_opt_minus_standard,readout_unconditional,0.21957771276779336,0.15612827579171087,-0.08310287759512207,0.5257312102266454,6.42057499493567
iqm,ghz3,sup023_P021_ph021,candidate_opt_minus_baseline_opt,readout_unconditional,-0.3688121699252367,0.15721731827640803,-0.6673577735186714,-0.05678462889764871,-9.201218207677378
iqm,ghz3,sup023_P021_ph021,candidate_opt_minus_baseline_standard,readout_unconditional,-0.2963430009483492,0.15835822603680255,-0.6094186483698448,0.011389227075301515,-7.529368664832792
iqm,ghz3,sup023_P021_ph021,f3_opt_minus_standard,readout_conditional,0.2931787281904521,0.18006855864545163,-0.06304723540549491,0.6447055414461129,7.307362734588806
iqm,ghz3,sup023_P021_ph021,candidate_opt_minus_baseline_opt,readout_conditional,-0.06342669532346523,0.17461602822164482,-0.3984189210682209,0.2831173096659447,-1.451841761535798
iqm,ghz3,sup023_P021_ph021,candidate_opt_minus_baseline_standard,readout_conditional,0.038952514239634084,0.17613373469773658,-0.3111492522175116,0.38801554969558993,0.9130223240847993
ibm,ghz3,canonical_ez,f3_opt_minus_standard,raw_unconditional,0.03679894142191387,0.09279371816438337,-0.1485268816434864,0.21723822611545068,1.0388165658590147
ibm,ghz3,canonical_ez,candidate_opt_minus_baseline_opt,raw_unconditional,0.0,0.0,0.0,0.0,0.0
ibm,ghz3,canonical_ez,candidate_opt_minus_baseline_standard,raw_unconditional,0.03679894142191387,0.09279371816438337,-0.1485268816434864,0.21723822611545068,1.0388165658590147
ibm,ghz3,canonical_ez,f3_opt_minus_standard,raw_conditional,-9.005218484769983e-05,0.10486633232193084,-0.21862284884559002,0.20703713973666418,-0.00219929185405113
ibm,ghz3,canonical_ez,candidate_opt_minus_baseline_opt,raw_conditional,0.0,0.0,0.0,0.0,0.0
ibm,ghz3,canonical_ez,candidate_opt_minus_baseline_standard,raw_conditional,-9.005218484769983e-05,0.10486633232193084,-0.21862284884559002,0.20703713973666418,-0.00219929185405113
ibm,ghz3,canonical_ez,f3_opt_minus_standard,readout_unconditional,0.04114077589833176,0.10500932801905706,-0.16843455477886843,0.24879787037131465,1.0310420067432065
ibm,ghz3,canonical_ez,candidate_opt_minus_baseline_opt,readout_unconditional,0.0,0.0,0.0,0.0,0.0
ibm,ghz3,canonical_ez,candidate_opt_minus_baseline_standard,readout_unconditional,0.04114077589833176,0.10500932801905706,-0.16843455477886843,0.24879787037131465,1.0310420067432065
ibm,ghz3,canonical_ez,f3_opt_minus_standard,readout_conditional,-0.001203721337789787,0.11599448603494732,-0.2397359901971783,0.22772297061965716,-0.026692680390217913
ibm,ghz3,canonical_ez,candidate_opt_minus_baseline_opt,readout_conditional,0.0,0.0,0.0,0.0,0.0
ibm,ghz3,canonical_ez,candidate_opt_minus_baseline_standard,readout_conditional,-0.001203721337789787,0.11599448603494732,-0.2397359901971783,0.22772297061965716,-0.026692680390217913
ibm,ghz3,sup023_P021_ph001,f3_opt_minus_standard,raw_unconditional,0.062228921091275424,0.09605093484025222,-0.1235909100427178,0.24530461509582716,1.8308149065651869
ibm,ghz3,sup023_P021_ph001,candidate_opt_minus_baseline_opt,raw_unconditional,-0.11798680641516945,0.09547958052478789,-0.3018428022230659,0.0701596910626537,-3.2964670281959645
ibm,ghz3,sup023_P021_ph001,candidate_opt_minus_baseline_standard,raw_unconditional,-0.08118786499325559,0.09384926101131547,-0.2514193624031412,0.10517354373882908,-2.29189470791393
ibm,ghz3,sup023_P021_ph001,f3_opt_minus_standard,raw_conditional,0.06510175729550793,0.10973463104247878,-0.1451782925827478,0.2747740030750964,1.6363293775724483
ibm,ghz3,sup023_P021_ph001,candidate_opt_minus_baseline_opt,raw_conditional,-0.05088329033459704,0.10804237821153061,-0.2572490337946083,0.16091452956923222,-1.2427201777464711
ibm,ghz3,sup023_P021_ph001,candidate_opt_minus_baseline_standard,raw_conditional,-0.05097334251944474,0.10656768247603121,-0.2487316626697593,0.1661907103449245,-1.2448921385568845
ibm,ghz3,sup023_P021_ph001,f3_opt_minus_standard,readout_unconditional,0.06490457983171538,0.10873801855719262,-0.14487405861025826,0.2727254530536692,1.6927675131421234
ibm,ghz3,sup023_P021_ph001,candidate_opt_minus_baseline_opt,readout_unconditional,-0.1322207366325152,0.10789828493071549,-0.33702600837059954,0.0830446973992655,-3.2798095176336477
ibm,ghz3,sup023_P021_ph001,candidate_opt_minus_baseline_standard,readout_unconditional,-0.09107996073418345,0.10616801147828307,-0.2831308444747078,0.12248877202098729,-2.282583724758406
ibm,ghz3,sup023_P021_ph001,f3_opt_minus_standard,readout_conditional,0.0673808000585101,0.12154049503357402,-0.16525127376466686,0.2985024864925316,1.535165905930995
ibm,ghz3,sup023_P021_ph001,candidate_opt_minus_baseline_opt,readout_conditional,-0.05181707800677238,0.1193753036479315,-0.2840675733263479,0.18432265401411901,-1.1493573748256396
ibm,ghz3,sup023_P021_ph001,candidate_opt_minus_baseline_standard,readout_conditional,-0.053020799344562164,0.11794811510505446,-0.2748365070298694,0.18570817990247226,-1.1757432609252538
ibm,ghz3,sup023_P021_ph011,f3_opt_minus_standard,raw_unconditional,0.03310584578197595,0.09612696300046501,-0.14683595816057393,0.22880368676138954,0.9784294089068789
ibm,ghz3,sup023_P021_ph011,candidate_opt_minus_baseline_opt,raw_unconditional,-0.16251360877645782,0.09581676555019993,-0.35387299960160973,0.022090021350254164,-4.540514056119535
ibm,ghz3,sup023_P021_ph011,candidate_opt_minus_baseline_standard,raw_unconditional,-0.12571466735454395,0.09500216590109742,-0.30477862022284063,0.06791631425155013,-3.5488651024506477
ibm,ghz3,sup023_P021_ph011,f3_opt_minus_standard,raw_conditional,0.020558614837830724,0.10999284465369634,-0.18931277778837963,0.24025383781598655,0.522419159744595
ibm,ghz3,sup023_P021_ph011,candidate_opt_minus_baseline_opt,raw_conditional,-0.13867846547407625,0.10886380188614725,-0.35406168467637017,0.072350004188197,-3.3869375610400314
ibm,ghz3,sup023_P021_ph011,candidate_opt_minus_baseline_standard,raw_conditional,-0.13876851765892395,0.10836312951111514,-0.35196076676202176,0.07872931866776224,-3.389062364252201
ibm,ghz3,sup023_P021_ph011,f3_opt_minus_standard,readout_unconditional,0.041197764579551155,0.10875941848323604,-0.15993589606096656,0.265689909615064,1.0804066389511888
ibm,ghz3,sup023_P021_ph011,candidate_opt_minus_baseline_opt,readout_unconditional,-0.17698426589881056,0.1084198848922532,-0.39200741876559164,0.03296253644698441,-4.3901939631425035
ibm,ghz3,sup023_P021_ph011,candidate_opt_minus_baseline_standard,readout_unconditional,-0.1358434900004788,0.10767648505904077,-0.34192114731658324,0.08352108111715377,-3.4044167003368004
ibm,ghz3,sup023_P021_ph011,f3_opt_minus_standard,readout_conditional,0.02612682178641812,0.12166010389626283,-0.20370366930996095,0.2671107463131421,0.602296392772687
ibm,ghz3,sup023_P021_ph011,candidate_opt_minus_baseline_opt,readout_conditional,-0.144357452196882,0.12051424420421396,-0.38350234978258335,0.09339251715706497,-3.2020003573308573
ibm,ghz3,sup023_P021_ph011,candidate_opt_minus_baseline_standard,readout_conditional,-0.1455611735346718,0.12017281946754065,-0.38175445206595604,0.0933274441069456,-3.227838337999599
ibm,ghz3,sup023_P021_ph021,f3_opt_minus_standard,raw_unconditional,0.03981327322104855,0.09497815674116307,-0.15032712851090263,0.22443477931845052,1.1849695294894818
ibm,ghz3,sup023_P021_ph021,candidate_opt_minus_baseline_opt,raw_unconditional,-0.1795200827035135,0.09510164182942839,-0.36880599564458993,0.008549870860512726,-5.0156627805383165
ibm,ghz3,sup023_P021_ph021,candidate_opt_minus_baseline_standard,raw_unconditional,-0.14272114128159963,0.09497410972686611,-0.32700730344494827,0.0435936979702138,-4.028949750531159
ibm,ghz3,sup023_P021_ph021,f3_opt_minus_standard,raw_conditional,0.004742454180814537,0.10902534438217037,-0.2148956765811867,0.22457893038617233,0.11905230181511876
ibm,ghz3,sup023_P021_ph021,candidate_opt_minus_baseline_opt,raw_conditional,-0.1062617914176287,0.1085416791531766,-0.32262068147449,0.1048282332866407,-2.595226673625444
ibm,ghz3,sup023_P021_ph021,candidate_opt_minus_baseline_standard,raw_conditional,-0.1063518436024764,0.10795666435902498,-0.3199311807825868,0.11206383994492293,-2.597368888870668
ibm,ghz3,sup023_P021_ph021,f3_opt_minus_standard,readout_unconditional,0.042675273121944635,0.10734398394915909,-0.16845135079278506,0.25442116779701185,1.1264761312121574
ibm,ghz3,sup023_P021_ph021,candidate_opt_minus_baseline_opt,readout_unconditional,-0.20029205708779463,0.1075558484430117,-0.41459463672349517,0.013990045153926343,-4.9683567939026565
ibm,ghz3,sup023_P021_ph021,candidate_opt_minus_baseline_standard,readout_unconditional,-0.15915128118946287,0.1074161123502725,-0.3665362578665606,0.049845650863719906,-3.988540632749466
ibm,ghz3,sup023_P021_ph021,f3_opt_minus_standard,readout_conditional,0.0006684013985740478,0.12056568781064927,-0.2395465474582283,0.2459735630302287,0.01520533100226227
ibm,ghz3,sup023_P021_ph021,candidate_opt_minus_baseline_opt,readout_conditional,-0.11184785844412382,0.12009208953117774,-0.35009951593973615,0.11972113125888782,-2.4809033219589547
ibm,ghz3,sup023_P021_ph021,candidate_opt_minus_baseline_standard,readout_conditional,-0.1130515797819136,0.11944728167761216,-0.3487953700604316,0.1260577831458317,-2.506933782754652
iqm,ame43,canonical_ez,f3_opt_minus_standard,raw_unconditional,0.1578442238594011,0.11106140687029058,-0.055919907573823945,0.3735378907966934,4.837354111475883
iqm,ame43,canonical_ez,candidate_opt_minus_baseline_opt,raw_unconditional,0.0,0.0,0.0,0.0,0.0
iqm,ame43,canonical_ez,candidate_opt_minus_baseline_standard,raw_unconditional,0.1578442238594011,0.11106140687029058,-0.055919907573823945,0.3735378907966934,4.837354111475883
iqm,ame43,canonical_ez,f3_opt_minus_standard,raw_conditional,0.1705097135115814,0.13190730453847535,-0.08714073291419373,0.42414412292249276,4.255472537798086
iqm,ame43,canonical_ez,candidate_opt_minus_baseline_opt,raw_conditional,0.0,0.0,0.0,0.0,0.0
iqm,ame43,canonical_ez,candidate_opt_minus_baseline_standard,raw_conditional,0.1705097135115814,0.13190730453847535,-0.08714073291419373,0.42414412292249276,4.255472537798086
iqm,ame43,canonical_ez,f3_opt_minus_standard,readout_unconditional,0.17888259246144989,0.12592355907975875,-0.0659204461424102,0.42186354196289466,4.853846453287332
iqm,ame43,canonical_ez,candidate_opt_minus_baseline_opt,readout_unconditional,0.0,0.0,0.0,0.0,0.0
iqm,ame43,canonical_ez,candidate_opt_minus_baseline_standard,readout_unconditional,0.17888259246144989,0.12592355907975875,-0.0659204461424102,0.42186354196289466,4.853846453287332
iqm,ame43,canonical_ez,f3_opt_minus_standard,readout_conditional,0.18729030496909616,0.14809235019833827,-0.1010920534913781,0.4689699389614687,4.180250783045997
iqm,ame43,canonical_ez,candidate_opt_minus_baseline_opt,readout_conditional,0.0,0.0,0.0,0.0,0.0
iqm,ame43,canonical_ez,candidate_opt_minus_baseline_standard,readout_conditional,0.18729030496909616,0.14809235019833827,-0.1010920534913781,0.4689699389614687,4.180250783045997
iqm,ame43,sup012_P210_ph002,f3_opt_minus_standard,raw_unconditional,-0.22814474535926355,0.15127718863050052,-0.5348104840238977,0.052020781807799774,-8.22678960578934
iqm,ame43,sup012_P210_ph002,candidate_opt_minus_baseline_opt,raw_unconditional,-0.8758241658832722,0.1309554078338103,-1.1372323900468264,-0.6202419796762533,-25.602363475397357
iqm,ame43,sup012_P210_ph002,candidate_opt_minus_baseline_standard,raw_unconditional,-0.717979942023871,0.13087466983296145,-0.9830294538262877,-0.4718110796310183,-22.003486346133606
iqm,ame43,sup012_P210_ph002,f3_opt_minus_standard,raw_conditional,-0.3179375079024451,0.18893170765824066,-0.6816964042753084,0.03848594388642169,-8.92214182426587
iqm,ame43,sup012_P210_ph002,candidate_opt_minus_baseline_opt,raw_conditional,-0.9318148606724521,0.1608228547530136,-1.2505385531560644,-0.6165222393384774,-22.306397587479545
iqm,ame43,sup012_P210_ph002,candidate_opt_minus_baseline_standard,raw_conditional,-0.7613051471608707,0.16219063082745283,-1.0897985041588336,-0.4564277567645095,-19.000167673188706
iqm,ame43,sup012_P210_ph002,f3_opt_minus_standard,readout_unconditional,-0.25508304369273915,0.17272056487123658,-0.6017951618574732,0.06449387817052761,-8.055279427354366
iqm,ame43,sup012_P210_ph002,candidate_opt_minus_baseline_opt,readout_unconditional,-0.9526870251913131,0.1519475704461491,-1.2619733636745059,-0.6541637253142277,-24.653798224987902
iqm,ame43,sup012_P210_ph002,candidate_opt_minus_baseline_standard,readout_unconditional,-0.7738044327298632,0.15055506651003575,-1.0823239170509547,-0.4862501177567673,-20.996609282444766
iqm,ame43,sup012_P210_ph002,f3_opt_minus_standard,readout_conditional,-0.3546207512202648,0.21358592500677487,-0.7697646200714588,0.04903524208927059,-8.809543152222068
iqm,ame43,sup012_P210_ph002,candidate_opt_minus_baseline_opt,readout_conditional,-0.996855653066071,0.1844647724094363,-1.3655245448730875,-0.6410336929322449,-21.356688713149033
iqm,ame43,sup012_P210_ph002,candidate_opt_minus_baseline_standard,readout_conditional,-0.8095653480969749,0.18469075398495838,-1.1829156659737639,-0.46407135475279215,-18.069201077267145
iqm,ame43,sup023_P021_ph000,f3_opt_minus_standard,raw_unconditional,0.2091680365885833,0.1455339616269877,-0.07214051526095573,0.4973728770821725,8.878694387904963
iqm,ame43,sup023_P021_ph000,candidate_opt_minus_baseline_opt,raw_unconditional,-0.8558620020910612,0.12957199839241806,-1.1174875268757598,-0.6029069315283825,-25.018823316228335
iqm,ame43,sup023_P021_ph000,candidate_opt_minus_baseline_standard,raw_unconditional,-0.6980177782316601,0.1292689634151452,-0.9539682267180783,-0.442903291028933,-21.39171828308291
iqm,ame43,sup023_P021_ph000,f3_opt_minus_standard,raw_conditional,0.4016150296656158,0.20943028497644084,0.0030807587604893332,0.8136562339628495,11.65068142763869
iqm,ame43,sup023_P021_ph000,candidate_opt_minus_baseline_opt,raw_conditional,-0.32859083781438336,0.17467098817272783,-0.6781241340955229,0.019681919703088965,-7.866023800694827
iqm,ame43,sup023_P021_ph000,candidate_opt_minus_baseline_standard,raw_conditional,-0.15808112430280197,0.17608239675565338,-0.5079742371487083,0.20147154892802072,-3.945287745551971
iqm,ame43,sup023_P021_ph000,f3_opt_minus_standard,readout_unconditional,0.25833667197578825,0.16925084189096473,-0.06497433221594383,0.5939038408848691,9.47225942304568
iqm,ame43,sup023_P021_ph000,candidate_opt_minus_baseline_opt,readout_unconditional,-0.8786267218671862,0.15237557711591238,-1.1781754349676536,-0.5734217700355548,-22.737252994126
iqm,ame43,sup023_P021_ph000,candidate_opt_minus_baseline_standard,readout_unconditional,-0.6997441294057363,0.15280979592825783,-0.9884598046357395,-0.39614258644950273,-18.987037888869022
iqm,ame43,sup023_P021_ph000,f3_opt_minus_standard,readout_conditional,0.49037047627286245,0.24271771707362502,0.03273560461366811,0.9743396757544627,12.360207170685232
iqm,ame43,sup023_P021_ph000,candidate_opt_minus_baseline_opt,readout_conditional,-0.20994815334369576,0.20551331413137985,-0.6118345065095011,0.19289488033448965,-4.497940442099901
iqm,ame43,sup023_P021_ph000,candidate_opt_minus_baseline_standard,readout_conditional,-0.02265784837459961,0.2084188540289001,-0.42090777214758907,0.39162272765467115,-0.5057148496057284
iqm,ame43,sup023_P021_ph011,f3_opt_minus_standard,raw_unconditional,-0.0999916810309669,0.14414826098352237,-0.3823500828151558,0.18742072812899885,-3.717281519467806
iqm,ame43,sup023_P021_ph011,candidate_opt_minus_baseline_opt,raw_unconditional,-0.8309498679070284,0.13113320911564558,-1.0925423241234498,-0.5761016739617706,-24.290584088341486
iqm,ame43,sup023_P021_ph011,candidate_opt_minus_baseline_standard,raw_unconditional,-0.6731056440476273,0.1333326131103911,-0.9337707638896278,-0.4068193760038687,-20.628251544964492
iqm,ame43,sup023_P021_ph011,f3_opt_minus_standard,raw_conditional,-0.15328115284033927,0.20421466919732145,-0.5367586905733329,0.25297415078141855,-3.8799023606105187
iqm,ame43,sup023_P021_ph011,candidate_opt_minus_baseline_opt,raw_conditional,-0.37998010856550657,0.17545249800623358,-0.7298092827402526,-0.04097198899671221,-9.096213995641861
iqm,ame43,sup023_P021_ph011,candidate_opt_minus_baseline_standard,raw_conditional,-0.20947039505392517,0.1791743591371342,-0.559903951000216,0.15253509876332147,-5.227828346407661
iqm,ame43,sup023_P021_ph011,f3_opt_minus_standard,readout_unconditional,-0.09131061549996211,0.16699868955455058,-0.41151949323757275,0.24449453930543333,-2.9483135365611415
iqm,ame43,sup023_P021_ph011,candidate_opt_minus_baseline_opt,readout_unconditional,-0.8585256436554083,0.15299642781387993,-1.1731303269983333,-0.5569005513907356,-22.217073844800066
iqm,ame43,sup023_P021_ph011,candidate_opt_minus_baseline_standard,readout_unconditional,-0.6796430511939584,0.15599934641034313,-0.9860836852294559,-0.36701075490506724,-18.44161004235279
iqm,ame43,sup023_P021_ph011,f3_opt_minus_standard,readout_conditional,-0.14276105433098252,0.23555008761154983,-0.5854555165128832,0.32593727422557117,-3.154615388031387
iqm,ame43,sup023_P021_ph011,candidate_opt_minus_baseline_opt,readout_conditional,-0.2849456231052292,0.20347580468647014,-0.6981869219577576,0.10987574941288543,-6.104690236861528
iqm,ame43,sup023_P021_ph011,candidate_opt_minus_baseline_standard,readout_conditional,-0.09765531813613304,0.20864544974861374,-0.5093936456409834,0.3119419774291,-2.179630815244468
ibm,ame43,canonical_ez,f3_opt_minus_standard,raw_unconditional,0.2063275673244087,0.10955250968573295,-0.0017954173370887767,0.4217879472236554,5.483912764390906
ibm,ame43,canonical_ez,candidate_opt_minus_baseline_opt,raw_unconditional,0.0,0.0,0.0,0.0,0.0
ibm,ame43,canonical_ez,candidate_opt_minus_baseline_standard,raw_unconditional,0.2063275673244087,0.10955250968573295,-0.0017954173370887767,0.4217879472236554,5.483912764390906
ibm,ame43,canonical_ez,f3_opt_minus_standard,raw_conditional,0.17437691204625505,0.13356976425228198,-0.08046005456982022,0.4449276272693205,3.5826387182892425
ibm,ame43,canonical_ez,candidate_opt_minus_baseline_opt,raw_conditional,0.0,0.0,0.0,0.0,0.0
ibm,ame43,canonical_ez,candidate_opt_minus_baseline_standard,raw_conditional,0.17437691204625505,0.13356976425228198,-0.08046005456982022,0.4449276272693205,3.5826387182892425
ibm,ame43,canonical_ez,f3_opt_minus_standard,readout_unconditional,0.2252003092713073,0.12011556215962443,-0.0018375162555990692,0.46133000653671735,5.474868506202217
ibm,ame43,canonical_ez,candidate_opt_minus_baseline_opt,readout_unconditional,0.0,0.0,0.0,0.0,0.0
ibm,ame43,canonical_ez,candidate_opt_minus_baseline_standard,readout_unconditional,0.2252003092713073,0.12011556215962443,-0.0018375162555990692,0.46133000653671735,5.474868506202217
ibm,ame43,canonical_ez,f3_opt_minus_standard,readout_conditional,0.1863591235569606,0.14429451507192226,-0.09080886365283887,0.4810935200935522,3.5544977700713507
ibm,ame43,canonical_ez,candidate_opt_minus_baseline_opt,readout_conditional,0.0,0.0,0.0,0.0,0.0
ibm,ame43,canonical_ez,candidate_opt_minus_baseline_standard,readout_conditional,0.1863591235569606,0.14429451507192226,-0.09080886365283887,0.4810935200935522,3.5544977700713507
ibm,ame43,sup012_P210_ph002,f3_opt_minus_standard,raw_unconditional,0.09090311817424901,0.10858103353739497,-0.1283294338699484,0.30569974196829014,2.6553107116090784
ibm,ame43,sup012_P210_ph002,candidate_opt_minus_baseline_opt,raw_unconditional,-0.45439403073431306,0.1077042779040885,-0.6693965488199308,-0.2531814374736955,-11.44931928160788
ibm,ame43,sup012_P210_ph002,candidate_opt_minus_baseline_standard,raw_unconditional,-0.24806646340990435,0.10569962962018328,-0.4566327986575365,-0.03614679367584379,-6.593277198736936
ibm,ame43,sup012_P210_ph002,f3_opt_minus_standard,raw_conditional,0.15586134743751323,0.13819194415007646,-0.12103822696322306,0.4234320110830522,3.369924333487835
ibm,ame43,sup012_P210_ph002,candidate_opt_minus_baseline_opt,raw_conditional,-0.2607218501758144,0.13409256961985444,-0.5239365159006311,-0.0011226978624694353,-5.1713566615742685
ibm,ame43,sup012_P210_ph002,candidate_opt_minus_baseline_standard,raw_conditional,-0.08634493812955935,0.13304936561530592,-0.3429760042800146,0.17766669508907262,-1.773988969303416
ibm,ame43,sup012_P210_ph002,f3_opt_minus_standard,readout_unconditional,0.0927383420368213,0.1205742541331173,-0.14668359429221278,0.3306109413172293,2.4367517816586757
ibm,ame43,sup012_P210_ph002,candidate_opt_minus_baseline_opt,readout_unconditional,-0.4399902470647108,0.1191238829429672,-0.6805839972677756,-0.2153127160338382,-10.14141996408095
ibm,ame43,sup012_P210_ph002,candidate_opt_minus_baseline_standard,readout_unconditional,-0.2147899377934035,0.11704218525298848,-0.4480030405181799,0.019769361432319218,-5.221780865573905
ibm,ame43,sup012_P210_ph002,f3_opt_minus_standard,readout_conditional,0.15785618210950414,0.15121665957818467,-0.14708755767712178,0.45038565175602185,3.115870725940024
ibm,ame43,sup012_P210_ph002,candidate_opt_minus_baseline_opt,readout_conditional,-0.20521501375414974,0.1462929763761745,-0.49000759846771214,0.07867094670164873,-3.7797906914788437
ibm,ame43,sup012_P210_ph002,candidate_opt_minus_baseline_standard,readout_conditional,-0.01885589019718914,0.14494981514736732,-0.30127632118326136,0.27120309161815825,-0.3596454972494728
ibm,ame43,sup023_P021_ph000,f3_opt_minus_standard,raw_unconditional,0.19459426445902084,0.10784511618647348,-0.00695177921019624,0.4120030843583209,5.9394594437582215
ibm,ame43,sup023_P021_ph000,candidate_opt_minus_baseline_opt,raw_unconditional,-0.49785263139924574,0.10713296268681645,-0.7163726432705364,-0.289070422408382,-12.54434113684797
ibm,ame43,sup023_P021_ph000,candidate_opt_minus_baseline_standard,raw_unconditional,-0.291525064074837,0.10682259756661756,-0.5010125292012012,-0.07824428413334306,-7.74834909726941
ibm,ame43,sup023_P021_ph000,f3_opt_minus_standard,raw_conditional,0.3384689704410553,0.1398266348120898,0.07712602546330723,0.6217690841467308,7.690145051869523
ibm,ame43,sup023_P021_ph000,candidate_opt_minus_baseline_opt,raw_conditional,-0.3018498519441044,0.13417342416692363,-0.5810144269327436,-0.04190353321611521,-5.987120916769074
ibm,ame43,sup023_P021_ph000,candidate_opt_minus_baseline_standard,raw_conditional,-0.12747293989784936,0.1349182024237705,-0.38711919283267904,0.13701122883774902,-2.6189791105547946
ibm,ame43,sup023_P021_ph000,f3_opt_minus_standard,readout_unconditional,0.21133075595973283,0.11981139785446575,-0.010691545644644807,0.45429195794900523,5.808449846229909
ibm,ame43,sup023_P021_ph000,candidate_opt_minus_baseline_opt,readout_unconditional,-0.4888828571290271,0.11882096472265717,-0.7296320479037469,-0.25628519925551674,-11.268355152099693
ibm,ame43,sup023_P021_ph000,candidate_opt_minus_baseline_standard,readout_unconditional,-0.26368254785771983,0.11846679238358805,-0.49358202087106245,-0.02757947527175786,-6.410414273286796
ibm,ame43,sup023_P021_ph000,f3_opt_minus_standard,readout_conditional,0.3678873664668876,0.15325513913896482,0.08233218452693043,0.6720062335809139,7.641390710767873
ibm,ame43,sup023_P021_ph000,candidate_opt_minus_baseline_opt,readout_conditional,-0.24697858527963756,0.14671823165520265,-0.5513961620821759,0.043992936905358555,-4.549020759041372
ibm,ame43,sup023_P021_ph000,candidate_opt_minus_baseline_standard,readout_conditional,-0.06061946172267696,0.1472112812091909,-0.3418539532723255,0.2299364195158735,-1.1562178304102293
ibm,ame43,sup023_P021_ph011,f3_opt_minus_standard,raw_unconditional,0.01221726339531104,0.10363228565780495,-0.18267011068776196,0.22034735512400228,0.36716213618088295
ibm,ame43,sup023_P021_ph011,candidate_opt_minus_baseline_opt,raw_unconditional,-0.6290409414960529,0.10576097750074036,-0.8344787804080873,-0.4275546285225141,-15.849879384975104
ibm,ame43,sup023_P021_ph011,candidate_opt_minus_baseline_standard,raw_unconditional,-0.42271337417164423,0.10729864281369511,-0.6387876388675792,-0.22029162657923548,-11.235160179317411
ibm,ame43,sup023_P021_ph011,f3_opt_minus_standard,raw_conditional,0.0298014505467199,0.13492218378671617,-0.22073787448299587,0.29691562748127814,0.6574378572155448
ibm,ame43,sup023_P021_ph011,candidate_opt_minus_baseline_opt,raw_conditional,-0.4788829580452667,0.13397880093196493,-0.7354163210517702,-0.22602315919196342,-9.49853099589391
ibm,ame43,sup023_P021_ph011,candidate_opt_minus_baseline_standard,raw_conditional,-0.30450604599901165,0.13612540168516074,-0.5767107753167252,-0.048961648994996186,-6.256190326732267
ibm,ame43,sup023_P021_ph011,f3_opt_minus_standard,readout_unconditional,0.023755039394332655,0.11513173567302838,-0.1923710846950589,0.251149934432725,0.6443927829207607
ibm,ame43,sup023_P021_ph011,candidate_opt_minus_baseline_opt,readout_unconditional,-0.6283693960598198,0.11712314585469738,-0.8526671880568315,-0.40365113752173987,-14.483407258527969
ibm,ame43,sup023_P021_ph011,candidate_opt_minus_baseline_standard,readout_unconditional,-0.4031690867885125,0.11907070242677086,-0.6368089567190027,-0.18068867978175482,-9.801486254947903
ibm,ame43,sup023_P021_ph011,f3_opt_minus_standard,readout_conditional,0.04921098781698152,0.1478364480096538,-0.22563842305937995,0.34828771526317015,0.9948459907006733
ibm,ame43,sup023_P021_ph011,candidate_opt_minus_baseline_opt,readout_conditional,-0.43346469194309734,0.14649904956735674,-0.7134124480264334,-0.15221725737460906,-7.983849610799409
ibm,ame43,sup023_P021_ph011,candidate_opt_minus_baseline_standard,readout_conditional,-0.24710556838613673,0.14876163603838527,-0.5399978898880959,0.03238010554794059,-4.713137597109774
